month,N,P,K,temperature,humidity,ph,rainfall,label
7,74,135,178,22.742908430183135,37.781137773702525,4.737844394431485,60.50506956741134,Cotton
6,71,73,53,26.803720496499054,60.00698094033125,5.586417129061871,198.63516508187658,Cotton
12,31,90,5,22.684468553088408,75.96849644527407,7.707691975414716,147.96487146206033,Grapes
10,57,82,179,30.733478396594208,15.109765067445784,8.954145066809454,274.82136577777857,Maize
9,50,144,109,37.10740399093379,52.80270846517982,7.995722536330263,80.79869001698344,Maize
1,105,14,32,38.279371412814314,97.46428316691981,8.017691936980068,188.58006985341032,Grapes
5,57,10,128,23.963657251573323,87.07603003549379,8.781600444125093,116.93905751134662,Cotton
4,62,7,180,34.53732156651289,99.87463853249372,4.729172724630279,255.88907530318426,Maize
3,90,74,71,28.4142846968623,19.856752780793002,8.2073921049771,231.01817182012425,Maize
8,111,78,88,25.54715539151186,88.08543559080361,6.119458685146866,96.87900081966245,Cotton
2,21,109,200,32.99196645966788,20.59055658024851,6.848621224203002,56.20544673234529,Coffee
4,38,87,95,34.21480242304072,68.97493284783732,4.5954828005715,197.2441867241179,Maize
8,60,62,61,22.60846158227046,65.32094001902834,5.191589953191915,102.0587921802845,Cotton
5,28,41,118,28.961001617791577,70.48065321142127,7.726901722650034,252.3033706055297,Rice
4,42,94,183,21.12674285501767,31.286701729935274,6.041694363743972,175.08478498711796,Maize
1,100,56,99,37.46577043132531,67.47354861602025,7.577597846965263,31.026395351763632,Grapes
4,82,26,159,16.1511803032585,96.44759974943982,7.02822337868559,284.87670868963244,Maize
7,19,105,32,28.548356297582764,69.69505347357749,5.153227731036407,274.53192545055595,Cotton
6,67,117,184,32.098574866569884,71.26437543749898,5.523272182603522,97.95183050333415,Cotton
11,76,112,126,23.054104551976184,26.84680997715372,6.169097051983583,170.16290245645715,Rice
1,16,115,94,25.995175016676626,94.53480267570728,6.258799652871133,59.5805795170009,Coffee
4,84,76,88,32.462008791358215,88.47314682576152,8.925948289918335,249.6841566175053,Rice
7,89,58,156,21.586630399913552,45.312747876452335,5.837307513260916,35.96018686063272,Cotton
11,51,63,36,30.20177610868527,33.5091336478236,4.624118647062317,290.2974686860892,Rice
4,86,44,156,31.207335491495392,96.94954278990829,4.501071664615895,196.97011403567672,Rice
7,93,35,131,39.89793663823196,46.951375322578485,6.514841662566733,71.96200195000073,Cotton
12,10,131,55,22.32070375874205,56.896979323680476,5.515406106893444,276.6175269881942,Grapes
12,19,122,164,18.132976988964295,62.487271294523666,8.365767773320838,161.696718517383,Grapes
4,25,123,185,18.986639722825124,61.21969688472722,6.268888261967402,82.47390465587773,Maize
5,49,14,150,27.959729859401218,87.48982889773391,7.5171472809208595,194.12561427649075,Rice
9,47,113,109,17.330053493238935,37.911689686274826,5.0604138729283,40.080219428627686,Maize
7,131,40,195,16.738575762215635,22.811521013560476,5.317432814228049,70.95330974915913,Coffee
6,65,88,125,25.130922929454492,36.155856204332856,6.6876489447982586,37.31535807308211,Cotton
4,84,112,35,31.536929130447735,19.652035735963135,6.5824727636818725,279.431453932972,Maize
3,124,80,74,18.670249759637553,27.011424411888612,7.542306417993087,141.49905488092145,Rice
8,60,43,148,15.03566388920326,40.08906268462243,6.739947147338912,79.40077794405616,Coffee
10,87,96,18,38.25210467112565,41.58127843624652,8.90764454781646,254.14427082612167,Maize
3,55,75,192,35.574938258031565,33.91714911691806,4.871829625839438,178.53458972682392,Maize
9,47,141,55,25.39709163903748,36.509765722904675,5.7870803466625915,99.57808885194171,Maize
5,45,5,96,28.055378115128086,19.493511232573844,4.68389135841436,25.03860871941167,Coffee
6,82,68,21,30.671459994141355,57.124485941888395,5.112323490621611,79.49210238096711,Cotton
10,6,138,23,28.85908758679856,73.67117511943727,8.103601816252748,122.59243723447426,Maize
5,71,27,134,34.034545155708365,36.40010296002059,5.54595189952098,236.70897302297257,Cotton
11,49,70,159,25.04465741192217,68.53302690976055,8.635921549085978,194.45735403474626,Rice
12,44,57,80,33.17340328022553,64.45980042097506,4.678560929394565,129.56367872357345,Grapes
3,134,110,59,26.16513392008312,69.96994165340215,5.422529126679643,116.1040593299446,Coffee
9,105,45,24,19.638882847412788,90.87345080483678,5.948648974430419,142.60003573833308,Maize
11,139,80,94,23.07783396566216,71.77232001088592,7.0052910247003215,136.6433930093305,Rice
10,93,10,91,33.50300034273167,42.8909499699102,6.07859118797572,94.09630642805713,Coffee
7,102,40,166,17.664884635624432,88.37361550861381,6.3237422002031565,55.314033872320685,Coffee
10,62,8,42,16.453759540987203,73.13093793396396,6.220390066880351,93.25039448311402,Coffee
4,118,127,152,28.477081827009812,34.629829850619544,8.26025382223691,207.28313406563637,Maize
3,47,19,40,15.368730925185634,58.523942843004775,7.893840612167731,81.4849834706852,Rice
7,12,32,141,20.916986464729398,37.08534288859921,8.68363525971295,48.16050050332498,Cotton
11,129,95,21,18.15346005399791,83.14324467064267,8.067942656926649,221.71756392642035,Grapes
6,18,96,114,20.982024364163273,46.85539877102654,6.241257454898699,66.52176869907507,Cotton
3,93,39,180,23.600192025701574,82.82139148187625,8.362999377317479,268.78357602087146,Coffee
10,90,101,139,31.926733563385465,56.56325454569531,4.734740225323617,171.28002352556172,Maize
7,102,70,21,27.97359245292065,36.82382578609234,7.49778797159985,234.18520370390428,Cotton
11,12,83,158,22.392381008995237,44.92702748776197,6.295324246602586,289.6090495675588,Grapes
6,130,64,129,29.39903725077099,78.37106278766547,8.286412476961406,53.34649670854847,Cotton
3,93,11,7,35.982262765209185,16.672109329592583,4.938803040055961,151.96646198213506,Rice
10,96,47,116,30.958473555055747,95.71547282900165,4.6371953501704,247.19225194216412,Rice
3,39,5,52,30.221050754548536,27.077429127499734,5.477981222479707,87.14246646689365,Rice
9,133,120,198,21.64710848308964,80.23934165981774,8.725466932115822,286.24801343142684,Maize
12,112,50,144,37.48649852749715,27.597169102560677,5.280373788506033,171.85746295395708,Grapes
12,50,59,37,38.066644326777435,35.613279140020936,5.822317535749673,120.69347978493099,Grapes
6,123,98,84,29.182852717357896,37.71378497165494,8.744187664592992,289.59435113793,Coffee
1,88,50,30,24.99276373700794,73.76918114234476,4.658592035841288,46.5543331814645,Grapes
10,70,108,34,22.295947469122034,87.63040478139166,7.745839591077531,266.70196863451395,Maize
7,63,18,31,27.04358006536402,64.78614858236224,6.358446945138001,173.31668166117848,Cotton
4,78,112,148,16.183867869083965,87.75359285152201,4.616504673562599,88.25598699914809,Maize
7,53,44,133,35.46263271810939,91.27726353861108,6.326019680380517,130.9751809623516,Cotton
8,119,99,25,34.88539575839009,97.06762339687528,7.1258528368176535,223.53491633280134,Cotton
10,7,42,62,20.522573328505885,27.429383012534643,5.519837721329367,58.711947867463294,Maize
5,135,106,145,28.616284183470796,51.84225286840902,6.757626749796546,50.25223325848004,Rice
9,94,65,95,20.728583343875915,79.38902572455362,4.8733466264692265,254.93150734323171,Maize
3,27,34,106,27.249236110449473,16.59755709360655,6.662172362540041,162.49067158755324,Rice
10,54,71,98,19.0797794276522,57.846342511129556,5.700108401899533,153.87760856120406,Coffee
6,73,23,191,17.65674048931358,49.43077095191183,7.921117895632595,284.41618828683664,Cotton
1,42,39,189,37.24514582784013,49.756213970928215,4.554153578166291,157.09367467799805,Grapes
1,127,122,146,22.882029180578144,24.80205107677515,7.803307998224708,134.71307178175164,Coffee
9,17,20,204,38.31467870773956,93.21123439715177,5.080905136672133,113.19801504029051,Coffee
10,69,31,119,23.90250177250507,92.22374231947504,7.39770473692572,292.5391698373419,Maize
4,28,133,159,38.91475318344239,49.50648872109501,5.428961216381915,285.1467084140814,Maize
7,56,36,108,17.17298433207207,33.44430333789961,5.93993139183503,63.0224863217015,Cotton
12,107,29,100,17.853693327271824,55.15709809792276,6.910225020642175,101.98097139624282,Grapes
10,65,77,156,29.27159536162027,99.89525182928199,4.5909238792582645,123.49753226963577,Rice
8,5,59,123,34.80861886815826,36.26558229948374,5.94874143912193,224.15806340257316,Cotton
3,10,83,132,24.15004906358456,57.392166147227194,6.192890646205215,46.28077439830561,Maize
5,111,76,123,16.70652068294782,67.07394795987348,4.527746937830208,233.93312641030954,Rice
12,126,142,121,38.010736789691364,42.757027593133074,4.723486727124519,155.95902226435348,Coffee
8,139,80,170,25.15505782091827,77.50958492704842,6.9184334383251125,131.56926352700427,Cotton
11,134,66,29,39.45535273955586,21.479312364520712,5.0228887528086394,81.71048373706216,Rice
3,7,47,134,25.68917132198871,81.91440117797563,8.82509796567573,20.37469775433909,Maize
6,67,50,141,24.821469573852667,39.96635771718741,6.874861628464791,236.80217529194093,Cotton
4,41,65,124,25.641663589926143,25.86181080587918,6.7443945147986355,69.37394010118945,Coffee
8,81,30,84,20.73961591256331,85.2096779793523,6.630592134276704,28.931684509560647,Cotton
10,54,57,107,19.380334083177047,89.68699339572494,6.927186127909454,42.109584892375544,Maize
3,128,136,61,33.82261927336724,47.707068521479805,4.885988019276344,73.72408315643494,Rice
3,4,105,135,16.032073410735613,19.366239027011744,5.711057040746445,128.39825678744822,Rice
8,123,89,194,19.30209949869255,26.09322953003507,7.141516463936272,163.30108544533482,Coffee
10,100,126,6,22.711759062139357,89.05455802708708,5.239880423338995,125.32304089945566,Maize
7,118,122,59,15.515176528302852,20.96153479693153,5.817641661865382,104.36413383161468,Cotton
5,2,61,77,23.385860565911447,66.07230807376419,7.332285576748021,284.77176604294345,Cotton
8,91,62,108,20.504631095369852,44.22452335434264,8.075206590297228,244.9696125079077,Coffee
8,104,113,201,21.7724726250774,37.82877211059278,7.1502841786837905,292.53797895679196,Cotton
8,139,36,105,26.157434661025945,44.5914251578935,4.5211483484879205,185.7927216516038,Cotton
9,127,68,109,18.97179292521323,79.92286526499356,7.207923301994976,253.59779398718746,Maize
11,18,68,30,19.9570084778527,54.81035009284777,7.817845804973966,187.9369314619418,Grapes
3,97,23,86,21.19392290152159,48.47016063340326,8.509615907878157,101.2482989108592,Maize
4,10,140,98,17.611476365738607,91.77510650454622,4.933843241065092,106.97539952972983,Rice
5,102,103,37,36.42821383413203,26.91599043367979,7.85067992634056,236.23842065742016,Cotton
12,75,121,60,22.48485966472252,21.924199645023148,6.0871598781254255,143.15106396818652,Grapes
4,106,27,196,35.16910448783051,39.71945456025588,6.1655504651379145,153.86404963885064,Rice
7,136,30,18,29.83730266115375,27.47403439397368,6.906605828386343,284.76467369866157,Cotton
8,40,56,39,35.109195935856356,91.14319924006055,6.242038535475331,280.34960373511404,Cotton
11,3,57,167,22.79267610434106,26.788674279689644,6.442567402700883,162.49858560602738,Rice
5,38,5,153,25.2051502684183,66.95618145505891,4.8448007247608516,208.66414680535257,Rice
10,18,85,175,32.915556348433455,57.14626490719513,5.4713331302680315,262.37877352643784,Rice
10,126,90,66,16.931515387802733,80.80212374026169,4.946279748113892,233.3795301720731,Rice
1,32,66,35,28.70409558285929,62.645160146178746,6.470708969681417,226.37360694825517,Grapes
2,98,47,73,27.225757908527843,38.245511948450066,6.53828228751237,68.4820638535772,Coffee
11,35,89,169,16.470290802831233,49.37233482238101,8.623094616577188,274.2566987318841,Rice
2,85,6,119,37.35928108385107,90.05436256374905,8.822457058578586,75.78078347241447,Coffee
11,135,100,120,36.32387242995439,35.232708038540125,5.866270999579227,167.47444865081255,Rice
10,101,90,128,24.454718309952014,51.05546932829834,5.13991673834884,133.5049795092258,Rice
11,7,82,177,35.42077690397433,21.424658685640374,4.95958785276359,298.2234155028103,Grapes
7,15,62,63,34.75154647537849,30.937980134618886,7.73872352139134,232.56651724109247,Cotton
5,16,38,123,35.02412550656233,54.27071591769649,8.272117670085116,141.96477992587054,Cotton
11,43,106,158,35.558899885248195,94.07028281477702,8.688315940411595,211.15534071173542,Rice
5,128,140,160,34.65281553936805,39.554691449676824,7.488350686592829,182.9138526071193,Cotton
4,99,108,119,37.895304967568364,58.098139089530264,4.923041602019672,57.37045340152599,Coffee
2,111,30,61,21.036068182377353,48.70334369334217,5.86687575656773,242.06444828602866,Grapes
6,24,21,75,23.747509023718862,93.56560879896855,8.974751027809265,37.73324154090271,Coffee
5,33,18,145,39.69952169835112,25.34385551942789,4.755383503331728,191.85986145527397,Cotton
3,138,12,10,32.011713384649966,51.99446942124234,4.744464065117232,156.5684725875825,Rice
7,116,126,26,34.32947479023903,89.84741277087309,4.8463725640782425,112.703452798212,Cotton
12,87,100,84,23.569676419831694,32.2048225951837,6.880652113036497,82.4693419968576,Grapes
2,55,71,163,35.7565764649075,45.191452407475936,8.500651840165576,129.15715660785824,Coffee
2,70,115,144,35.17677805578051,93.14934587356686,8.643676876584063,189.572032729642,Grapes
1,29,19,161,16.490250894226996,99.07110209873724,8.59020137394444,123.75371373441165,Grapes
4,73,74,47,20.444756246224202,61.34926178386414,6.066987909509848,168.49670070428147,Maize
5,34,85,59,25.54855954551482,17.460667787642713,6.110850401504015,298.5909363002517,Cotton
5,62,6,39,24.898675850524505,30.43684842423047,4.9632888815158775,104.62535036576932,Coffee
3,30,40,158,26.96748670840713,83.15053813763095,5.66319644604838,200.53433598516546,Rice
9,104,14,64,36.06452107300996,33.81791347095141,8.478652270771601,85.3211688642399,Maize
10,60,115,162,38.259226775562674,19.613208218979455,5.47722478824925,23.643996767926872,Maize
10,68,114,123,24.731756233889556,61.27992698965233,4.884714024676841,22.909622037349454,Maize
10,139,79,111,20.670402162556005,77.98500770843107,8.859437051703583,258.5036920097623,Rice
4,19,83,125,29.70239112308751,52.477286928548494,6.735224225018484,116.89366802406126,Maize
12,113,81,37,36.901841523022505,28.386449855546523,6.9650828715166195,162.331378623401,Grapes
10,8,96,83,20.309232681835148,93.22517691300044,8.872210614603878,94.29987568876996,Rice
10,39,18,32,23.836917272515826,56.421625347976075,4.789065334713768,34.67075712472738,Rice
7,120,105,195,22.287722012718696,22.69183732561063,6.333951356060858,111.33775927719425,Cotton
4,54,74,170,26.67210622486397,42.6937396789139,7.190398701146119,256.9739273313311,Rice
2,56,102,195,26.706187865530758,53.638855713615335,8.948343062551174,44.74264191811676,Grapes
5,109,134,104,28.23054291085827,21.33879045235687,7.599160970003181,284.3701947762223,Rice
9,82,14,31,23.453683585675243,28.694645149042785,5.596530446823744,233.15021955826276,Maize
12,134,40,75,34.2376560270138,33.68333537099795,4.957734083633329,259.1047467929798,Grapes
11,124,56,157,31.323765544173327,53.47340000763354,8.92672785002537,272.67434265753707,Rice
4,107,31,121,31.40470506045954,39.777907843280886,6.689420190172745,145.03054630276333,Rice
1,77,100,178,31.63747950743482,85.02113711528874,5.90962244477781,43.7009820099101,Coffee
3,64,31,132,15.374829404610214,66.03825050074511,7.596188885196506,97.15602455764002,Maize
6,89,113,141,29.887887839830306,35.59072524595834,6.711626230652149,136.2570348903017,Cotton
4,73,56,26,23.00325253506318,48.941702991891056,8.190843428793277,151.40611707126794,Coffee
5,88,72,41,35.63833195238507,46.74578090889407,8.150603692674258,102.63970266451494,Rice
8,47,42,50,28.046153252997115,87.79797592081974,6.042965294001325,92.0148593307398,Cotton
4,60,70,13,38.00424641496642,39.48859385720621,8.591652733902103,173.11955390901505,Maize
7,112,89,30,26.97647901343641,96.45375801342742,6.504473328661391,176.31286942847447,Cotton
4,122,126,26,27.824444010822454,80.71795402366429,4.915174152649278,105.67123264701691,Maize
1,35,75,60,38.18225726640257,34.05974836221557,6.649370769965951,132.0582176970152,Grapes
11,92,118,119,32.460894048474294,27.976036559907612,4.580834081294166,251.63658087275473,Rice
3,6,135,105,28.53692529938896,52.385609259169385,5.12022720099589,45.808089561027934,Rice
3,121,52,49,32.11636060234156,66.42791408033375,5.467132525426291,268.5912483089089,Maize
9,107,50,40,39.551281811330966,53.36336706800926,6.287847205581006,287.2217404208353,Maize
10,70,98,57,27.20645879931564,65.07381251542341,7.338085599572018,84.80101596948751,Rice
11,98,118,15,16.148660588746232,63.78824388114459,5.079352727686205,223.0071767200036,Coffee
10,31,96,181,33.35067220962361,58.63763622900273,8.927693377907204,146.56257299020086,Coffee
5,136,115,181,32.63929099322897,50.93907290730133,5.5170161930453245,285.16690122661055,Rice
4,48,85,171,15.23382298875943,69.60461613046154,4.992059079671661,225.2474390940607,Maize
4,118,30,75,38.105652734062275,45.45588384337077,6.451378227566694,256.5602335057968,Maize
6,47,39,77,24.89909702132982,61.06646514596257,8.913724577625413,60.77335051636408,Cotton
1,101,83,144,23.76649048397884,63.507265664187315,7.063582939128546,173.7078892608715,Grapes
4,5,68,127,30.67402364946475,75.72051435516848,6.404398408123591,162.12139042135215,Maize
3,92,35,48,31.63156260825729,41.91150932791845,6.881132418141986,112.61374563456916,Maize
5,56,130,34,22.680133035814396,69.83725519489329,7.3078375643165,137.91071013945833,Cotton
3,21,8,171,23.346092235375387,17.21278871586218,4.860550331887451,157.0518737820226,Coffee
4,46,118,70,38.53028283514561,96.74439476401665,8.599503081021375,232.327105364466,Maize
6,34,95,190,21.178504644648605,80.4853472195242,5.399684429170392,44.957995774389914,Cotton
7,98,111,149,37.98497679467992,78.85516337538252,8.498635025400832,43.502112023699794,Cotton
4,70,27,64,35.77703345248018,76.96221989932891,6.982679347873343,293.6824611568074,Rice
2,138,31,11,19.814146349192338,86.32421890912646,6.673932728417337,257.93104878402335,Grapes
8,117,98,129,22.23454772976106,73.35459000399072,7.1785378467253125,57.0399927697171,Cotton
8,132,57,31,21.548817265577988,41.58385752483015,5.446741820353527,70.60908617652501,Cotton
6,137,51,62,26.564667271705275,71.31451241434081,8.989385879068578,80.52631594032847,Coffee
1,41,35,196,37.101109113856154,91.81565347640219,5.651933165531078,25.252245712502127,Grapes
2,69,109,78,39.518986402809574,79.78169770438714,8.724071037132088,155.37824593633147,Coffee
7,118,103,139,30.143715215790035,55.373274608530956,6.042065936661866,104.04394970346607,Cotton
4,104,143,68,22.236448216046703,16.161094916527755,6.598194686441996,113.1556376389648,Coffee
4,23,45,95,38.893153427131836,35.623021967494026,7.016574523987602,252.5057703784448,Maize
11,33,73,99,23.747778511686995,42.58467832395948,4.778991397648464,261.94865071966615,Grapes
8,113,82,15,39.98228290567154,42.98419218415363,4.897271501858218,132.6398519714407,Cotton
11,45,58,38,36.6927828840615,41.47275523718632,4.879149905979183,139.3119397078953,Rice
3,40,77,59,16.698009590051623,99.57943530947085,8.153770709461458,104.91306156088301,Rice
4,36,98,161,20.697563472782488,74.44153766602686,7.77244179053134,280.98628007077923,Rice
4,128,20,39,39.962545722762414,98.06137694252861,6.17519070804479,192.6952646520963,Rice
12,40,93,93,37.221964593498896,64.67320634227568,4.6606183480049905,286.0907220754371,Grapes
10,124,95,73,32.13044857399823,84.3426119387882,6.0613616084785376,213.8090620845864,Maize
3,84,16,196,17.701567342223267,32.21930170063107,6.204847228590223,198.67929576325736,Coffee
6,97,66,100,24.08928894119918,99.44038420788128,6.927547807524292,90.37079938407905,Coffee
3,18,137,40,20.84239655721334,70.66063638664667,8.739213710836754,87.82389773773917,Maize
11,114,18,59,31.09032957437865,39.984423877237916,7.4090570526723925,229.4299195870645,Grapes
2,62,21,110,19.951745284307922,34.87445001505287,8.881199857605615,273.66244544946,Grapes
4,124,104,145,24.883343335957633,63.58687335137438,6.034899372345826,208.93293281180493,Maize
6,22,34,130,16.60207574941155,92.30353900540727,6.015603696392775,220.77286018293006,Cotton
1,67,51,63,33.29448488309193,73.90001426630927,5.780974131147115,21.74068317220015,Grapes
11,139,62,201,23.812090264308292,46.86634860025269,5.731701846695959,102.00159589759988,Grapes
11,71,18,70,32.38081922724396,73.7833689787102,7.023444013808186,190.74754966904206,Grapes
10,8,25,180,32.85451359482451,84.38448663616948,4.714002840715655,187.09669380420834,Maize
9,77,40,193,23.83709421127329,52.5142703617015,4.597722668274704,23.620064357644125,Maize
11,16,67,164,29.254718108317356,75.06332905414618,6.989703737631948,225.01251814263208,Rice
11,123,129,87,39.78958585661,48.12565365289538,4.507767561356331,212.35953794003336,Rice
9,93,77,64,15.977120617420969,81.18225937271363,8.540885363111009,208.39779026036933,Maize
11,121,51,82,33.92988432781026,33.27712899938332,7.923530862751818,136.21482580353188,Coffee
6,58,10,115,23.775796807853624,18.374440829240747,7.412019669640785,284.09057909292756,Cotton
4,136,10,87,38.094608544706034,29.136331120233635,8.873161328052406,187.81318746586467,Coffee
11,103,44,123,20.691063447134265,52.274549262995436,5.78593685033436,134.79206124611474,Rice
2,114,109,152,15.78687055362982,26.583465210620993,8.454905422867286,267.2280730127993,Grapes
12,128,121,81,38.5699132755727,69.54406138402638,5.901632602958847,235.42238467478458,Grapes
11,13,13,58,26.23003948387938,77.74163516428194,4.877913536601782,41.69996049671221,Grapes
7,101,29,193,33.03340679311778,32.032216111575494,6.561874608776927,240.89597596283284,Cotton
2,84,46,53,32.11321116376109,70.31607689122811,5.585854494445544,54.41804070935173,Coffee
3,46,42,58,25.781370642802607,69.16831849947485,7.378468524814489,268.98336324241654,Maize
3,101,91,181,27.717907930727957,82.65307840180004,7.307338268479402,268.9441923897292,Rice
2,97,81,39,18.875311296125812,23.021925660690094,6.811081741666021,152.50968001211876,Coffee
5,36,123,127,27.43504401623893,20.12596172406006,6.518199481153738,43.28118464836491,Cotton
4,93,29,108,34.38401921934663,45.0890275517462,8.479361327236338,100.28230454039333,Maize
12,34,6,42,28.94574059555691,28.94908879155538,5.656338792481193,194.18330798800406,Grapes
9,60,67,71,33.333544146174376,99.25487563557195,6.176899968933576,285.2290514096262,Coffee
8,57,101,120,32.057428984050304,63.9941454127363,7.526603983787005,139.84338750606761,Cotton
2,61,82,73,28.16034243682918,70.43748285547852,6.004727943200335,261.03242624621186,Grapes
10,69,11,169,38.34842442007075,52.116499632341174,6.692008883096823,65.70873269051489,Rice
1,65,110,149,22.404901714829975,26.187489351958533,7.648904367676604,49.76001618986247,Grapes
9,14,70,117,27.4328651544291,36.57726961986176,6.539534929081925,41.267404528759116,Coffee
12,126,32,119,25.716565375391095,87.85644422358958,5.467296196868146,264.67244553141836,Grapes
7,109,8,11,29.66276839883371,40.37247212399532,4.76597417484226,29.526720569842713,Cotton
9,132,113,130,31.385413820690882,30.018705803135354,7.871819585524392,160.7247632072793,Maize
11,58,134,58,20.129402436272127,15.460135389482998,7.745690421934782,62.88001403000361,Grapes
2,91,94,37,33.98976480142828,64.21629515295834,4.962278771458489,287.6847484726628,Grapes
5,78,38,176,19.629950418386382,21.31823348352937,8.076454745383591,206.62354726149263,Cotton
10,47,21,40,16.639254227467838,75.3183370012353,8.333759646967959,160.37692068018143,Rice
9,33,76,181,32.63380152431666,32.78659094878439,4.621400424583998,173.63810713670043,Maize
6,78,103,64,21.786795007396837,28.076248729778758,7.895505440404835,282.45768444373914,Coffee
4,22,86,109,17.31284793564199,80.3691901592119,7.982589482379869,246.89126763326485,Rice
5,111,131,181,26.51308296026187,31.77692223329994,6.817679966650685,294.550858779517,Rice
10,81,53,44,22.22093777425481,65.4031351910588,8.18175261664177,159.08424463830744,Maize
4,80,121,128,23.272139425127335,86.23789696841017,6.41303482310476,258.29343971234186,Maize
6,118,103,15,36.565815297447614,50.747109906364514,8.229616058538513,234.57402766265494,Cotton
4,27,52,68,15.506460066957779,31.78906892908079,5.730256014069244,224.2589155157085,Maize
10,124,136,84,15.676923018746638,26.76901777237342,8.474457135930152,217.2070126742289,Maize
6,102,103,31,39.81637418587635,58.14405260001333,4.603908000393614,44.44198103984053,Coffee
6,123,97,115,32.90952956894593,49.386187821637385,4.878809264340143,22.517531348858718,Coffee
12,10,37,144,36.81147352622581,16.00353185132799,8.573506921195152,109.27807987342746,Grapes
12,28,88,22,30.232110726153888,75.16338281971076,8.004514517927905,72.13263583184342,Coffee
6,132,28,170,29.082812644206065,46.730630160614204,7.423211365957339,37.886673925290715,Cotton
11,41,139,105,38.246430497199704,62.46848843309592,7.552086844823002,41.92225826618866,Rice
4,76,18,75,26.69010419192486,96.13121706974441,8.875689207568042,215.97596376265778,Rice
10,50,133,134,18.028312148261886,74.01011269125127,8.904499772283813,241.58588892919045,Coffee
9,65,106,7,19.725137666278368,41.45168664418815,5.035583390917182,190.484220047353,Maize
10,135,108,82,37.60350137845229,45.554918106859745,8.2706252995072,274.70952076492654,Maize
8,88,64,198,23.376510472525233,41.72495263647836,7.072440276975138,256.3582755917583,Cotton
2,133,105,81,16.434734039336266,73.92948659495129,7.1648108838067905,130.1956165475404,Grapes
7,66,129,20,31.050268451204115,33.62912857539156,6.418750650609621,200.52618761650575,Cotton
8,1,102,97,22.52723899073974,42.866472152455,8.305052955718407,221.51318843040977,Cotton
4,107,49,105,28.687871592925717,37.05362059750256,7.884377352199861,58.12920975629436,Rice
10,16,99,80,15.188221193970985,17.95894180423077,4.538109042246684,175.528017221232,Maize
10,0,126,124,18.01795869242566,17.64727929893141,8.770739151737757,117.18645328722621,Coffee
10,127,123,137,36.95874539185044,24.785585664160315,6.105136913655318,48.80973707150798,Maize
5,26,8,50,30.331718922204303,27.645216122097356,8.678822963479945,41.30049641483893,Cotton
2,105,7,10,19.865585870651,87.7617094679422,7.720851006313209,138.05878622709056,Grapes
4,7,126,173,27.133761780518245,92.7835313184593,5.932220283208433,115.4551201871442,Maize
2,34,103,113,39.80945036841714,61.55409644252812,6.66106082105052,175.27785470715432,Grapes
11,138,74,12,24.06622458548112,79.93919584405701,5.781888915912902,195.39773918790914,Grapes
3,94,74,76,26.096334626302124,71.64514469250705,8.17433491924584,87.82389980089916,Maize
8,10,83,58,15.430499218792606,55.6922042057937,6.30027780279427,46.39089913562851,Cotton
1,46,15,156,38.84285115034302,45.929417769683134,6.576746194398664,225.67872596043864,Grapes
5,20,6,131,16.83837576686416,19.968947406476097,7.479313791597561,273.36139569213174,Rice
2,40,80,76,26.783779944848693,36.402834184696374,5.452490059666187,100.59639515902963,Coffee
11,91,11,104,27.386808281096922,83.75840629124092,7.0217212889757,252.5345196552337,Grapes
5,47,34,114,32.773086007329844,83.986900379171,5.895946847083996,32.68406242065445,Rice
9,36,79,45,25.58896440670396,51.65706569444665,7.9084271459315865,193.75211766956798,Maize
6,83,94,7,19.645644197828286,21.225643460911332,8.371455846510582,224.31155462935746,Coffee
11,18,19,101,17.983141824134368,33.72816134343485,4.529397655203115,105.62751489826113,Rice
10,102,89,138,26.267834417952415,42.461000280624646,5.02669298147017,217.98705729859452,Maize
5,38,115,70,38.84351970708603,56.832175617158626,8.464118818726865,212.17883370427714,Coffee
12,14,37,67,25.42566980682451,69.67701829802567,4.826534931825325,105.05809554150142,Coffee
2,98,124,69,38.20295881130462,64.56073071828678,7.793021212134735,201.5116303818903,Grapes
5,74,95,36,16.2726673331509,39.39663605367243,5.0690642708489015,92.57062204019894,Rice
12,3,74,177,34.775201443995186,78.62213672474472,8.107832299697527,256.3160302509404,Grapes
8,44,102,100,22.76652405133445,53.77845646834854,5.822233424033151,197.72206319189257,Cotton
3,46,106,37,16.577136919366072,33.49020878144239,8.185944895463752,191.4777971808247,Maize
4,17,126,195,21.590644002363334,35.25035619774033,6.06579488640946,155.70930270248084,Rice
4,53,32,121,35.4491878040571,80.61337929097957,8.713327599477793,86.55268332002957,Maize
9,121,95,163,37.00042023399564,47.292748559230766,5.70247804954735,247.21044604439604,Maize
9,61,121,188,25.793348886271644,68.1693993374919,8.596958819676754,76.9353379125562,Coffee
3,73,49,38,27.15082944772839,75.50822477484358,5.581513706513317,126.77772363544369,Rice
12,83,131,164,39.669759241835756,19.101414909087033,7.7557423875770315,296.4973382183033,Grapes
5,27,113,187,23.040891411284562,98.84841916960572,6.25874838423825,88.52295896407152,Cotton
8,40,117,8,36.883485741304355,15.13283032661906,7.396350372243894,37.75409079502049,Cotton
5,99,76,153,25.577002349518484,44.12783150753616,4.881884729328485,35.07158464242558,Coffee
11,60,79,106,22.14355957223853,65.54662567691256,8.159601085406152,129.3991839829111,Rice
7,27,140,16,18.337662558619183,39.76496647924257,5.753501230492824,288.493038692132,Cotton
11,43,111,114,31.71619288354906,31.858625725115267,6.585214103703312,81.50512790160317,Rice
2,63,96,26,34.87283832596761,90.25137130165251,5.937846539787195,79.70009038646528,Grapes
10,59,92,91,30.415427202207404,91.35499634354558,6.057338092894298,225.0197641619164,Rice
5,135,84,153,29.845114080544676,86.85592538755455,8.494080467876593,28.305165176644174,Rice
11,89,85,192,20.163329977828482,76.84172421753496,5.236583379105763,155.6591964310896,Grapes
10,120,126,78,17.748815588850178,24.701997132929996,5.607431401940577,99.45905976214404,Maize
10,64,122,76,38.503442892469735,33.61126180010416,5.831385948286584,223.2768929307299,Rice
12,12,35,58,28.64489704058986,31.00091363092601,7.816113931445718,270.30330762996596,Grapes
10,45,136,95,21.60875786103543,52.705713732265046,8.257062371087516,201.82088877551735,Coffee
1,55,130,108,35.80879901156412,22.64832161835989,8.862003796670969,247.53710716516537,Grapes
7,55,143,25,24.41589697936469,66.25048658317195,8.205476310369711,92.1777018794792,Coffee
2,63,38,138,30.837483282104635,41.558336565993,4.966910226248196,209.44526283244315,Grapes
5,56,106,64,22.859398202042932,24.729637133537587,7.910943634025443,236.47271632661784,Rice
10,21,141,166,34.020770802138166,21.92963250111327,5.023849922249189,242.2438363248568,Maize
12,20,54,196,24.75424845504001,37.41767146736677,8.052908871445501,213.21101347051308,Grapes
12,35,23,44,34.398348427580316,43.6335656857987,5.874956002611876,111.3810245281333,Grapes
1,29,37,39,36.2871625887471,75.82970876956804,7.080547792016688,117.24166269170038,Grapes
1,71,13,159,25.507491411604526,44.18901952679147,5.765275268588313,155.75369563336935,Coffee
12,119,46,98,36.99477865762495,85.63377236986283,5.201329327829367,111.23310453079094,Grapes
7,78,29,23,34.93122041470874,98.04099353029697,8.52074410105246,73.05798290376464,Cotton
5,32,76,51,35.49531535240627,54.34612488141663,6.635759003683146,89.78298083160459,Rice
3,59,7,67,21.661829149054533,33.574401990868864,5.60081528549452,272.704434371894,Maize
11,10,86,150,18.07457448680739,32.529619669784864,8.02275489038151,177.9480013960398,Coffee
12,45,25,71,21.235842031226273,64.06823810441256,7.2259386983101095,53.97970248664991,Coffee
6,82,45,147,16.590139682429694,63.50258673711757,5.0873820784501955,40.930500930181125,Cotton
4,132,108,27,24.88453521378376,89.64309250510348,8.03595842143546,270.5629193330435,Maize
8,81,127,53,20.715222129469982,59.64049180620184,4.975662850617445,61.683519193492806,Coffee
12,6,40,124,29.828524083672324,94.9758360024574,6.520417696689247,168.76523235578736,Grapes
5,85,53,33,16.19381224168867,82.75185729894592,5.365843581079867,88.55681229489721,Rice
10,83,80,120,21.699093229411712,98.54931591920608,6.8217637038147,122.92841332052,Rice
3,139,48,118,39.74575405544505,89.36524742595425,6.516571640791659,261.6637144338471,Maize
3,11,135,5,38.865270106515226,49.40206448935672,5.406547484141053,204.16468115209761,Coffee
3,57,41,127,27.95361022725946,24.107642370742997,8.877870308651062,277.17844715064047,Rice
5,82,122,34,31.044586460097296,75.303309231909,7.648933872074071,239.1787886835906,Rice
6,124,130,106,18.25180827279105,72.32485896988402,4.568497916559247,162.14075132350686,Cotton
3,70,6,140,30.82920294910196,54.64300288588858,8.47995175159079,40.03105738277588,Maize
12,77,141,87,24.378695069117793,48.578659704641794,6.828447742967008,201.78568475718092,Grapes
6,93,102,197,39.860060060142175,74.46205892008129,4.890991259649083,276.5060303922532,Coffee
11,101,134,106,27.544001084197355,87.93004971375416,8.762608685813198,225.1977661474656,Grapes
10,31,73,111,36.673465855698055,70.17989457359953,5.846697350339345,43.92371302279123,Maize
5,22,130,140,24.76318696249669,95.5978700511696,5.98930441641762,173.92426364626445,Cotton
5,12,85,129,23.49953933656886,23.161244223550984,7.987028184199657,246.27885696144764,Cotton
2,90,87,65,33.695348018241575,81.6535560357283,8.787694623089926,215.65743489335816,Grapes
6,23,22,181,31.084919617537754,50.99185200063087,6.921941857086894,51.19477991316435,Cotton
2,7,71,159,30.149105281445543,69.67010402714914,7.745950222416701,198.86961685531378,Coffee
12,83,44,29,31.529644548654872,93.8248693997971,5.2718832206187685,203.3748107829387,Coffee
3,30,141,165,20.30213010828821,17.23629846847377,8.744809755477522,224.243188965616,Maize
11,117,49,26,27.594919111525208,20.515359841097325,6.241217929429568,253.70571962637732,Grapes
5,14,6,147,25.610345083879185,49.460882889780784,4.915763132494176,226.41928434955304,Cotton
1,20,43,75,17.710390217213526,94.40269312787731,7.7985683918527675,163.60383332560633,Grapes
3,18,42,134,35.34617953050634,96.96521809329005,6.6518254361124285,268.0351450683701,Maize
11,69,23,200,39.58233404997606,92.3495288406723,7.992061247492197,250.39972676595875,Coffee
8,138,80,167,28.826901362228202,74.60474458821646,5.771966133359641,149.959550079977,Cotton
5,38,144,124,33.72665153966402,47.7348398074977,5.9086040571010425,58.49768431827592,Coffee
5,41,126,143,27.848991375143825,44.216912200520355,5.182331108995745,64.56146310744276,Cotton
1,50,127,11,17.038644149310365,66.01795799215829,7.990583470968281,111.49340361351666,Coffee
6,96,57,64,18.964222291872698,91.94384916659071,8.100472982823705,104.71320287914706,Cotton
2,131,16,104,20.988144801445962,24.536265299863132,5.111154613893609,189.36061886612106,Grapes
3,58,5,188,36.83664504286119,75.79216659489816,8.95010118260645,281.86502606487886,Coffee
7,97,73,73,32.612836237255756,39.89993698742998,6.782732855252854,270.90754383389066,Cotton
2,48,17,186,30.421745688556815,99.29599427797754,4.541397708798453,144.4679979586839,Grapes
2,61,6,46,28.25209200948693,57.213586390510194,6.762298382575526,152.02913045179343,Grapes
8,31,106,187,25.924708128333553,47.627497273264815,6.928367631586605,145.88114148848575,Coffee
11,134,133,76,19.58782353857103,40.82410499039503,5.092942724506551,247.23714366939674,Rice
5,106,11,144,23.221710079138937,67.25734945404366,7.678097777516426,121.15417069899766,Cotton
5,2,16,72,34.34940884407355,92.44941659214123,5.212426441276287,287.4699199621743,Cotton
3,48,30,71,15.895047221343967,96.91294690885798,7.485047360754733,117.61679284752276,Coffee
4,29,107,152,23.89601454035732,77.10904154473374,4.724086735062505,150.95362384724376,Maize
12,58,6,93,37.97473158931332,52.05529512821082,7.104213264587216,262.1838601807555,Coffee
1,115,141,115,22.479912617367486,93.86249211513162,5.869411107688453,81.95941148822054,Coffee
4,108,127,135,22.81649516110396,59.224317542330084,8.960985650796736,152.48912033170544,Rice
1,0,96,58,32.771545071325534,72.02752973784342,6.2489865434166365,107.04994862827797,Grapes
11,123,96,193,28.009241728498527,62.938293734034296,8.707854125690961,243.57573859614877,Rice
10,96,83,99,17.36433956184687,99.75413235545747,4.6695733878494545,174.6736805034377,Rice
4,10,108,153,34.26791108667866,72.23541178693195,7.3113587270054925,141.88193144733776,Maize
9,95,56,147,32.009800263525555,63.70239884460259,4.632859239198379,134.30455339016163,Maize
4,137,103,14,18.912836958448064,85.00746636750827,6.859746650792138,109.70723250594439,Rice
12,73,79,19,20.40665329456094,81.2662389001727,5.30059317397477,38.31245453435694,Grapes
5,36,97,92,35.326498795461504,80.70158463259978,7.7174984027105555,233.57005661640818,Rice
10,106,36,94,28.45604749728587,72.24472544865507,8.123315452917451,81.83621406825155,Maize
4,94,64,158,33.286910991586026,22.488727725470085,8.369197662166597,101.08446155373608,Maize
6,68,39,112,21.76880580602024,80.17232303990843,6.077937507321749,124.98052776759664,Coffee
11,59,122,153,32.477833405334266,35.77337759943833,4.907452247699705,240.79942652848428,Rice
4,61,16,173,20.61886127983961,48.3206413654396,6.595209877972174,225.51583876001573,Maize
8,108,121,79,30.589175746009985,32.506236190302616,8.207967656024671,130.8925824189567,Cotton
8,23,12,55,29.12755717785364,15.955259073997013,5.033676754651731,181.64449759677112,Cotton
9,90,15,85,24.29123143388535,89.7156613046354,8.059731936473652,83.29110043394778,Maize
8,135,10,160,27.311298185431706,39.88029532621742,6.147999844992026,208.81584433388008,Cotton
3,37,64,163,27.20522613220362,70.07049823378945,5.64891823784867,51.131842678401725,Rice
5,78,12,92,24.831216527233288,90.82274407764078,6.032362086821835,201.20575648785947,Rice
1,99,144,57,29.917381227982148,18.70900631373576,4.579964821813103,190.82673830607612,Grapes
11,69,117,91,34.91511511932961,75.19008113795428,4.917718102529985,32.68188941193937,Rice
4,39,144,110,35.13840012040046,52.44504018089999,8.398894754716377,210.21727951341424,Rice
3,85,34,79,39.11862327582183,87.95655204289142,8.478121092774813,255.988793253361,Maize
4,28,50,92,31.88111745376647,53.045822426477805,8.146372388079243,182.04753163490508,Maize
5,84,75,48,24.964366656793345,90.60396525933555,8.463108397192023,211.46250626024704,Cotton
3,20,28,142,23.883529329857797,52.01400164021507,6.913955713310587,299.56435019566874,Maize
8,119,43,173,16.602380968726347,45.737182803405645,6.8066393327354,202.1929811680737,Cotton
9,73,51,6,29.74191567715492,27.879466003486442,5.367757659000771,278.29772490616205,Maize
1,116,89,21,18.350492311849386,92.76372015558874,5.172173449137194,231.99318328192288,Grapes
11,25,116,46,38.675568079395134,53.47812346735504,5.910243252626277,25.997188894609366,Grapes
11,32,70,133,24.323613473651704,44.16129000195991,6.950706159016255,175.10886823880796,Rice
11,37,114,90,37.47297898002791,53.52974116259944,7.424521901094273,229.05425718701855,Rice
11,2,136,40,37.5042186331839,70.40970883444888,5.511453100160107,59.761314670387314,Rice
1,11,26,120,33.80235676751056,20.65949554632674,4.995476502794532,151.15405216144512,Grapes
2,9,109,27,26.146235383788866,78.96632792287427,6.563428409108353,94.13034330758363,Grapes
8,64,122,49,25.21679757290984,41.165665260827275,7.651784121828666,86.97109573028895,Cotton
4,71,60,148,26.662262361705018,94.51173457415003,8.978418731255744,192.76056142915797,Coffee
9,53,102,87,24.817500022495466,84.51043866614044,4.730159167969889,256.0235199883293,Coffee
3,34,66,167,35.22830875416093,54.17801592127343,7.064274999038703,143.71930040152046,Rice
2,7,65,59,27.158479084664194,55.04343605512716,6.74062007654657,118.3733932526043,Grapes
12,68,96,110,23.582632645961226,51.90760996943583,4.883968148523375,116.30835587609585,Grapes
12,18,63,32,36.98070321304171,62.50724430414866,4.927434799693117,142.25825167866762,Coffee
7,93,59,183,27.574292518065725,63.06396695741793,7.124822330965594,31.097481858109283,Coffee
11,129,143,100,32.236329161374485,39.51830263923519,5.9148966888150145,73.02370344158335,Grapes
7,38,107,162,16.89487534637141,45.87610870102489,6.541331992153919,269.04012124952703,Cotton
12,74,103,70,35.63837952520279,82.80270981872704,8.144992178854885,165.88170651651782,Grapes
4,17,140,5,37.652707776738666,60.597713802065755,5.736172652094459,180.98604003147395,Maize
11,2,86,19,17.934988358484432,18.814988979959033,6.804335229656949,148.70495516357443,Grapes
7,46,115,158,29.28726541815567,58.66376421407804,7.99836724616754,267.41039708061555,Cotton
8,85,65,159,34.0897208059135,77.9971313227129,8.166950032758058,188.8959750800963,Cotton
11,47,116,135,16.639488838914758,92.09950212531456,7.022560321617778,196.59804362583358,Rice
1,2,15,185,24.81921830082581,96.7959261971708,6.565244292165231,281.18417192486964,Grapes
11,111,127,173,19.18577172527413,37.02985877278968,8.242072732061189,234.7183913989865,Rice
6,90,28,154,18.981210673591306,33.500199898335794,5.284529211662638,113.20758090996848,Cotton
3,69,37,18,22.340931401363605,15.33714821428951,5.390695900782679,53.10293915620039,Maize
12,25,10,51,31.909886111828555,93.44150244569595,8.992378808638904,138.29582323842294,Coffee
5,25,93,166,28.713363963505735,64.27769694380726,8.801904304918851,169.28571107265958,Cotton
3,51,92,157,39.25310122583974,72.6082978257084,5.46434571604364,262.5601235608652,Maize
4,62,37,198,17.260212852052963,34.83404942576318,6.338431902783087,27.48245762476253,Rice
5,107,133,168,34.077260698797346,43.161699717443426,5.070180118231793,161.85500398154127,Cotton
10,59,83,29,28.952013803254616,80.93121586205693,7.285492741006262,131.22319580583337,Maize
2,4,71,14,24.48830226397191,87.85848640580795,5.100288502403496,299.0552125516794,Coffee
2,115,55,8,28.796582743707983,49.60135034698302,8.993193259372248,215.90346496552138,Grapes
2,123,46,84,34.13492814310413,85.54813470793312,6.701541104380741,57.52706730606985,Coffee
4,18,36,15,15.084761191103244,75.90210901725338,7.982222231883001,85.30542517365996,Maize
6,36,34,97,35.460189778201865,31.248082320631525,7.604882316716074,226.65970061810185,Coffee
7,38,140,171,36.2928190294745,16.26601871362955,4.769610231300067,80.17313190961191,Cotton
3,126,134,201,15.223869134191377,45.30826310007299,6.661546994998584,52.27894684403944,Rice
9,53,45,98,21.791967242927903,20.15461257136112,7.642046836518057,293.1801613627872,Maize
1,69,80,56,34.969508644067126,63.92889948497806,6.548434066073027,45.38926356747159,Grapes
5,68,134,92,34.08728083960586,53.209291306733455,5.912594273567668,53.65830125560761,Coffee
9,14,15,129,24.214753217528127,31.04724146217876,5.00173815362527,212.96688596727302,Coffee
5,134,82,99,35.13781579631139,45.75431976077784,7.625600679813622,128.31979936619598,Cotton
3,27,75,32,26.591631984499195,84.74124724062956,4.798622680395045,286.77950585592663,Maize
12,28,137,93,17.82328717153912,69.49537921394236,7.267676455180307,197.5824077200799,Grapes
12,119,94,35,32.07929162735396,33.7548393247193,6.27769167794556,145.68758687419364,Coffee
4,76,139,134,15.305006033205027,34.025955515963986,7.112193846195565,218.88200751134062,Maize
11,87,16,9,15.979049683596426,17.046222816557535,4.83563339516343,97.63600968231717,Grapes
1,86,43,32,23.075655755283428,53.90475400456533,5.564698293221079,266.6964974208509,Grapes
1,75,42,201,17.38034795612996,87.35880507785613,7.0285870912747175,220.99268229210932,Coffee
10,96,31,112,34.367769327239785,89.1074975631348,7.938134743182436,219.1916368729128,Coffee
7,104,27,156,27.426985774757156,69.81037936684751,8.96050287081292,80.5925186210512,Cotton
9,63,82,189,36.68433166993539,19.360490291312598,8.233578306446585,112.56458585660883,Maize
11,4,124,18,30.184810036615808,46.89529880327966,7.495548770894018,271.91960536466036,Rice
11,32,112,28,35.26830715013193,30.969402943353018,5.292756753373539,57.99590976241077,Rice
2,101,97,116,32.98953440706454,17.243151331495074,4.776360491495959,236.27414451538368,Coffee
12,35,94,33,21.02725408358929,66.00097507415373,5.113245516744418,262.99187379647014,Grapes
2,89,119,51,29.258032380928547,34.27300507228952,7.26525041035948,199.61819121442946,Grapes
11,101,48,73,27.401302521706775,79.77479071488162,5.597493569261444,156.53623819268228,Rice
7,106,123,23,33.773832780126725,19.928178438428098,7.295363574892077,172.2023296424448,Cotton
3,99,122,55,19.7254552773048,51.5532118497698,5.0877779036426976,69.36618728603267,Maize
6,139,107,27,21.25262788446166,24.047913504002906,5.306656623530648,212.56292767424594,Cotton
4,103,106,100,28.237948605473168,78.57985284113647,8.835686798704627,209.742985264658,Maize
7,74,131,161,26.34725259911332,28.219458279263474,5.527864575433138,269.87308722122464,Cotton
6,91,32,113,31.355052719289663,75.67450393067014,6.050832248484956,225.28966875866146,Cotton
11,45,22,36,31.321849723790187,58.702242238820894,5.886882892631874,283.97444288008285,Coffee
6,10,52,137,30.57371612928364,37.914529138800376,8.017800611341073,59.04363505582886,Cotton
2,98,81,179,34.40462819643849,20.964674618417707,8.143649202134796,232.96341644324312,Grapes
3,29,79,57,21.6460703949718,34.000825310114294,4.534779143183524,180.429919614248,Rice
12,45,59,119,32.18483535577412,27.60987171267726,8.750766930873182,102.59697576295581,Coffee
11,68,129,178,25.734676814840387,25.768626084316626,7.1288090558836235,187.35515199825676,Rice
12,6,13,72,30.121457285269333,73.33109534938905,8.87188696251718,221.002056695405,Grapes
7,67,76,153,33.98133873533469,16.52242762586728,6.235795720689755,132.00912595480108,Cotton
6,40,136,199,15.460544421406665,71.55565686048789,8.368459303161236,169.308753663833,Coffee
11,109,112,116,23.82201098940856,46.798707047254425,8.228889266488402,272.89801538094105,Coffee
3,124,9,106,38.46067384586013,92.02829767325876,6.410499580712077,98.04243936044855,Maize
8,5,60,192,21.138605431395575,23.440458739229797,8.342579459768055,115.8551766126964,Cotton
1,137,78,98,27.297635366871113,68.52230876079685,8.589836329725909,78.58076574135774,Grapes
10,59,14,104,29.611754996041206,58.97636812360668,7.894766971859124,218.88261743976324,Maize
10,48,81,83,33.85043010757711,90.3126900753679,5.077954092864103,283.220487703577,Maize
2,110,48,18,23.330399708051534,31.787439905765655,7.897221044576451,198.71001018900782,Grapes
4,136,107,57,27.471280607640637,85.94873616446735,7.674520955228503,281.15149335419324,Maize
12,128,18,83,38.70281637813105,57.84090784051169,7.8551640386257215,215.6840139941631,Grapes
2,13,94,147,19.93578126211792,30.691271100189915,8.042986962991765,86.59820769326184,Grapes
6,90,112,50,30.19633798199466,74.71751065289342,6.7949961020443554,279.7426315636355,Cotton
10,108,87,73,22.917255498332274,25.85983385687765,6.783784410705605,94.93626376731929,Maize
1,98,8,169,16.068330650001737,89.56997650743669,6.38202220432917,278.4581649430151,Grapes
11,104,89,101,15.33607801066015,40.314322510852854,7.318155903520944,79.13250912572735,Rice
11,58,133,74,17.962392898345286,15.457098780431556,6.004770018791328,198.4349972300907,Rice
9,113,116,135,24.600074701147236,90.0173168578701,5.027373825263315,106.71632846105132,Maize
9,23,51,45,25.069029325292558,52.47234704796199,8.996665381832369,202.60316242140487,Maize
4,77,101,14,38.000473414548665,89.81093728322395,8.481485227221699,161.98914163521172,Maize
9,12,53,47,37.66899412288232,80.57032510707099,7.741128440918445,294.6038471377546,Maize
5,40,114,24,25.95146037476122,80.21281600017716,7.2412246062842645,106.78833610745137,Cotton
9,4,53,104,25.121680385161905,29.077009641493817,6.197713262545533,161.86021499178608,Coffee
5,72,70,196,32.78927817449281,45.4483040565803,6.313328198163761,230.79813087141537,Cotton
4,99,96,44,23.806482378601356,42.492915647289294,7.226485744558192,27.136149546731044,Rice
11,98,121,182,32.89443959244855,44.333577974686435,8.311948571150065,186.2482567628913,Rice
7,76,37,77,23.414415994543383,41.63211703547845,6.00668461547261,70.23797039053022,Coffee
7,3,55,155,28.123455864354252,32.78863204308535,6.129600079670373,288.08994711016567,Coffee
12,23,96,34,31.245312862288056,76.79851744035489,7.3915546262739396,175.04181281697507,Grapes
1,84,63,61,32.17226439431092,79.62881231734768,8.648692230182151,127.35436884416104,Grapes
6,88,61,196,19.503168532885397,37.647524314403626,8.744990926928976,90.42153520337088,Cotton
7,63,76,14,31.143845246521074,87.82336008994943,8.20650292966974,276.6858008383627,Cotton
4,60,101,186,38.78975119832532,75.88372619072535,7.016872035324786,190.63740074185557,Maize
7,34,89,163,21.547728483534282,20.777979827701927,4.576625938050749,131.3935996598974,Cotton
10,82,132,198,19.12981351017733,93.99961071251377,5.206701753918544,144.20334906882272,Maize
2,108,126,121,21.083355553378006,37.93159934329013,7.417777976763971,159.15510014840936,Grapes
4,13,44,177,15.091792930255627,93.27295782229025,7.751389824686497,204.51072830290533,Rice
9,134,85,136,35.06395950398023,60.97213542704453,6.512859607320773,242.6854054690636,Maize
8,88,44,120,23.24995136596837,83.09036539224044,6.78524487235808,209.83742505765252,Cotton
12,135,41,148,29.11085097337849,47.80688350257348,8.900474382395341,242.57749909735193,Coffee
4,124,103,120,30.792078806191746,83.31324281156343,5.343309847100082,118.88014551052639,Rice
6,44,26,92,15.46296024897084,90.70766074304731,6.648194144505797,170.7966575161259,Cotton
9,13,76,172,37.204531986663525,87.25938860157623,4.933228796794468,203.39750063081365,Maize
3,25,66,75,16.127044046788228,73.31762836872733,5.492275311292589,162.6634205003429,Rice
3,48,128,139,39.453333681328495,68.4879329015411,8.035451818630246,96.45903846848118,Rice
5,68,75,77,35.42792188251242,77.73897241933543,8.846932917627438,248.9943614615412,Rice
1,35,17,97,31.14698548994741,65.18246656579613,7.314269412799545,200.2252728767546,Grapes
10,11,25,174,38.96492567092201,71.64117594357063,6.310344945728391,233.51059645419323,Rice
12,137,43,98,18.682183819393483,98.57933496085971,5.883742073898876,282.67968960525656,Grapes
11,46,121,5,25.29836254300212,75.67421805868244,7.518207644109313,168.36654904687012,Grapes
7,41,61,49,29.900914636440223,64.84542713689558,8.358220061218695,263.96213212306014,Cotton
8,38,102,44,17.789842032984996,94.4957175386434,6.045916886239143,210.12308610233708,Cotton
6,24,12,151,17.354629026238886,61.79092788092685,7.527009082159046,164.8477871743946,Cotton
10,126,22,156,17.228203803240678,45.74663067214436,6.130607034765461,71.82412111909595,Coffee
7,112,88,83,30.912393109405897,79.21622816738386,8.649134401377061,70.57482557391634,Coffee
8,107,39,192,38.56340756547374,80.37312610358283,8.846660428699622,128.9394924109664,Cotton
11,8,35,86,39.18392381889653,22.17425216105416,6.18227459283557,150.94877252934018,Rice
3,40,59,126,31.540131460845842,49.282147201402005,8.220190402047638,177.77595152234784,Coffee
3,135,29,146,35.17422344505916,37.977962267699425,5.063772355422384,111.2653489034999,Rice
7,49,127,200,18.619354510110547,57.50488359851423,8.239823669666059,48.232991600727615,Cotton
7,33,98,120,21.283818855762053,38.93715954430669,6.050586365856963,297.4055826399548,Coffee
11,44,41,64,25.258334103701458,15.263563662589233,8.803121777175324,66.4009922292522,Rice
10,20,130,148,17.289121903427606,43.70366508681214,6.582266498090911,91.57742876466799,Rice
11,98,138,144,32.72608159592997,61.06168345126519,6.605901975885724,169.418802504679,Grapes
10,13,129,116,16.63641414772201,31.884815596855365,7.819713678396663,25.626207574259094,Rice
7,136,43,29,23.9456183124167,62.02230166656121,7.329869655788883,143.2403202619604,Cotton
9,109,134,120,38.612471475111676,40.05256521192952,7.386117438856349,122.95224970748028,Maize
11,68,47,97,36.50224745564094,99.19817823812329,8.641759041717563,67.13747117711625,Rice
4,76,99,111,28.15123888904845,98.89092675006391,6.087450700779153,57.917869146229776,Maize
11,80,120,99,30.330195526995357,41.5158606508886,6.944164848200622,230.60283147424582,Grapes
11,85,135,122,17.98716628832009,16.492063664425388,5.539344459769558,256.9838379055587,Rice
3,36,114,91,30.974816532788672,86.57218399862052,8.548460748597751,198.47574004291658,Coffee
8,62,40,68,21.222058518061022,32.12434174963957,7.1349076291492,39.82745762572823,Coffee
11,21,68,91,22.242862759758644,35.945306458342216,7.280558136824079,88.96536621972753,Grapes
5,125,61,67,30.889235099285596,64.45882756778124,7.046434816774345,206.6699059312511,Cotton
10,103,60,15,18.860251011876986,74.52189965016184,5.887179649297837,82.2473052192335,Rice
12,70,45,95,28.557664092962206,55.945649085319374,6.504351354206932,81.47217302481343,Coffee
7,82,116,133,23.424655408822854,72.03953514659484,6.52089810382199,56.83872489494546,Coffee
4,130,133,13,28.467977829694256,51.42431015917934,5.689989733248223,48.73479348711432,Maize
2,99,76,38,38.66722795872862,68.61511636315959,8.583023572380476,166.31924778254705,Grapes
12,106,66,149,30.110073019548704,86.32736837514545,4.998177755141126,114.13046573844443,Grapes
11,119,136,44,37.19225816890096,20.276944856320142,5.193800239028716,183.92084505259118,Coffee
5,132,56,123,31.14001209236599,31.307800394287895,6.799741037556059,189.18421078353128,Rice
4,85,89,90,39.40938190134355,82.51613578358216,5.381192428150438,242.30721185976242,Rice
9,134,74,17,33.28404582346195,29.51834208000662,6.2631480334077025,170.74937780585992,Maize
5,27,35,67,27.70787648293024,48.24770857483021,8.746588177389597,55.642932046987696,Cotton
4,48,141,198,17.446764551528524,82.5828074096736,8.785526716468157,63.44931955616938,Maize
8,12,136,151,39.69001280253461,19.085746660471646,5.550849721732868,288.9751309477598,Coffee
11,127,111,150,20.956742615095877,22.64689658074355,7.22999566752471,37.337503398767424,Rice
5,12,76,181,32.19984300062587,97.6117055396933,4.662045139279281,288.29806865252465,Rice
4,1,79,54,25.823010743648133,58.64024767571889,5.900206562724624,185.6183624424408,Coffee
1,72,86,51,21.520097081067753,37.5702529024855,8.791445490977903,186.69307900811984,Grapes
12,121,60,70,29.73987140084337,35.86024253702252,7.3264485089461875,91.91442649495724,Grapes
10,93,35,10,30.054611923565396,61.74704985525414,5.7334189852268675,260.0901024115646,Coffee
12,98,24,199,20.863768398348085,38.667739466204765,7.2003924866477265,164.0392834126668,Coffee
12,58,14,118,18.82946498773262,18.004506801493413,6.1131667388520405,65.89173439489983,Grapes
8,109,85,189,39.57209573792081,98.63699328401833,7.720577637945021,47.31281532215257,Coffee
7,128,142,64,36.04979692745447,51.438781851606954,5.928020717954558,143.60891083131406,Cotton
7,11,40,83,29.89064436837259,68.70337827923778,6.0014483672417605,122.67672173533941,Cotton
10,135,21,37,17.539239287512913,97.95806953801676,5.660325168873627,125.79185419884524,Maize
8,46,56,152,33.5173181031254,86.63086926720165,5.241718205462888,254.2721784814912,Cotton
10,58,121,73,21.636541261285156,20.034361779984323,8.973381973659688,217.78348823816742,Rice
3,95,13,60,34.01691396171445,57.97233617143328,8.312051366439333,60.68086260501515,Maize
10,44,35,81,24.839137034389488,35.88139839211975,6.20053438891971,86.10528404772614,Maize
3,14,138,178,39.33840193935782,69.15314469834254,6.991890180527408,53.53063460293804,Rice
1,96,117,69,21.954306672513997,86.0980366418808,7.330100096641746,209.3011846032755,Grapes
5,130,125,6,24.39866148957141,81.75680427972887,8.395184455765236,39.03155963422881,Cotton
10,25,97,146,16.388362017679597,50.79147740436507,6.683776311979958,69.60527874670892,Rice
2,113,23,82,37.372947368913344,68.0434857781529,7.034771509835812,94.56255345844214,Grapes
1,14,61,200,19.392453531763916,35.33003542200135,6.940089517182215,254.638714316682,Grapes
9,78,133,196,31.830415038576398,65.42117897390685,5.285499098727318,267.4532255596041,Maize
8,99,122,25,21.040240120550596,22.968761249618787,5.850018771615155,65.46636827912744,Cotton
6,28,81,130,34.18157666227187,15.372102534701943,6.751972915970136,230.1863557281799,Cotton
11,21,44,179,30.069756625033776,98.9029980688313,5.280377363698012,261.75267821181933,Rice
10,72,121,132,27.500413449896612,61.813742572984346,6.163859723233482,246.58450770407447,Maize
1,82,95,44,29.837630690299946,36.23814094560047,8.854757600914077,138.39051987627082,Grapes
10,64,54,112,19.637685155826254,85.32809524492963,8.926405476945934,45.877891849233166,Maize
3,56,98,121,17.463835247974,39.19804426247335,6.416208477469053,207.3079326237921,Maize
4,122,119,99,32.30893882714831,72.25850122596933,5.71457361211341,78.68826700841039,Coffee
5,135,143,104,25.74704179426468,28.024707711869368,8.187455016467691,288.69694406733925,Cotton
6,139,51,114,20.659642061260286,81.26185853584285,6.919221600554529,37.55709570293482,Coffee
6,38,56,26,35.65482712012003,52.22493745554343,6.592891016969142,78.24025493641896,Coffee
3,114,61,135,22.52603345804983,22.134947275442617,8.706351256518,121.71974465263006,Maize
7,56,47,112,22.326038526631546,98.48806709228171,5.622552576069022,226.28553916179013,Cotton
10,33,62,137,24.00369685422234,57.82249740274351,5.948010359979618,173.98464663181892,Maize
12,114,77,50,21.395808855944367,64.69166323928391,7.162608970813338,102.98632831959725,Grapes
2,2,69,33,22.754786941515306,70.33850595321516,4.72496775138808,210.77716805717762,Coffee
3,27,22,161,36.99358257441186,70.46499264671347,5.871032810761166,193.78010368313264,Maize
6,94,91,119,33.76728094730142,48.8380956232284,5.0950968242219075,159.37781794430407,Cotton
12,43,85,33,29.62086008320822,87.59051612855826,4.652671449570365,177.16063583731977,Coffee
11,121,127,171,18.770621062465203,28.402719351805793,6.213294954740832,144.69625072722167,Grapes
4,64,82,173,33.94383546314864,19.008361182780092,5.163124206075627,187.7019316086623,Coffee
4,5,108,77,16.22622869252207,86.35337250169616,5.143410617779901,194.0456695691486,Rice
7,34,61,139,17.339547350199073,31.707667165128264,8.268969336579607,188.2064546440832,Cotton
11,21,143,154,32.536356348550726,96.10341950234262,7.731068324055892,288.71959058757864,Grapes
5,15,136,114,31.431527702679517,75.80307468906238,6.87957959830322,93.80618272446374,Cotton
4,56,111,188,33.78859823125359,61.44263515741817,7.258771025477296,187.57073294614628,Maize
8,16,60,102,34.89869150594865,69.79883020975049,5.290405569841784,237.6756203882585,Cotton
8,138,74,143,29.797517586682403,75.10023604455267,7.554141622782037,37.892141873790585,Cotton
7,117,57,141,26.81904766475982,72.01413545988765,6.9182604557541545,60.170833541004924,Cotton
12,132,56,192,24.87577211256891,18.016246982831206,5.010647853854832,199.70457061085125,Grapes
5,23,46,110,25.575188850972943,59.160327646054384,8.330295636566575,62.80605564257213,Coffee
6,21,11,132,38.177201341086395,23.934878325301007,6.6762107617290205,246.09104607639154,Cotton
5,2,11,93,25.889854286816853,68.1869260783273,8.634857489274419,114.53841672424241,Cotton
4,40,65,113,31.809912551001087,42.70102757617202,6.440651622821591,198.535088012641,Maize
11,6,48,68,15.351355798043173,55.93231075037091,8.540257496376174,47.89421565288055,Rice
4,108,83,31,33.31737433578816,48.3131902344952,4.773611019009875,157.9085470651083,Rice
11,123,66,123,25.9011392277218,79.89594909648014,7.703303906768761,299.7343968345789,Grapes
4,60,83,150,28.157448125305663,85.25550843626941,6.452609050739623,177.79983053344498,Maize
10,9,67,124,34.930178060901696,89.57447815694428,6.371657618527345,204.91807180100778,Maize
12,123,38,99,36.96363092648639,62.200644701866516,6.033171422740582,139.863411189533,Grapes
1,131,39,5,38.22856000836167,20.81178793256054,5.860719902669654,180.35321671915264,Coffee
2,73,24,6,39.71914147463278,76.6676757031597,4.624416341043177,261.0983833554151,Coffee
11,95,6,78,26.454898051242637,56.8055299110695,6.445786643181022,166.9835723155179,Rice
1,70,83,180,15.718210385442896,34.9446998575726,7.582028597078363,93.44418562655261,Grapes
7,15,36,141,28.378226356103625,66.55005786526527,7.140175946712132,182.743438552327,Cotton
7,63,144,86,16.593109189043037,27.6143656460052,5.054913166659038,116.29622559659178,Cotton
11,133,54,141,15.958520226161463,66.15274231022488,4.919438273831699,160.4380306551806,Grapes
2,58,29,96,16.33864663052512,47.52985251163838,5.636823229183222,198.93885538307134,Coffee
7,92,15,33,34.58720170987816,69.30984143351536,5.011933076305348,102.63191163268276,Cotton
12,118,142,131,21.783906261305177,99.90526151252082,4.975684569702718,292.4993727805491,Coffee
3,0,91,20,15.667635372872025,30.315363192991036,5.658023383443799,215.83762945946458,Rice
8,88,36,175,18.657572078185968,40.9351024870472,5.772791786690309,207.4024913013481,Cotton
10,91,48,157,15.571786420125802,56.2234597641002,6.312740040363785,26.629829420149473,Rice
2,97,55,22,27.12957427799592,21.777138344904436,6.125672622270173,232.92715128588662,Grapes
1,64,34,194,23.71877677356037,89.00193708963496,8.948131690521922,217.3337810377711,Grapes
4,100,22,11,18.570666947213105,92.49549682513215,4.784584260966426,268.06720307474046,Coffee
10,44,82,48,24.797742690620794,54.01237339396202,5.27499151435827,223.26412494294792,Rice
4,111,80,67,26.15702958866785,79.70864540387775,8.927250239155722,176.86625728730723,Rice
5,21,21,63,22.883539665996615,56.41188262849824,5.043886693568269,252.2927174126827,Rice
8,34,143,121,15.386190282040634,61.907933256246366,8.540647898182192,138.81560070089446,Cotton
12,52,9,59,34.12877956739858,87.6012119325332,5.5614241693639315,199.49491326920509,Grapes
10,87,30,169,33.68854536292561,63.59972625180309,6.9764551013502745,83.33864709482671,Coffee
12,113,82,191,31.01417875262115,48.65112891798515,8.85282081367096,30.91098824078233,Grapes
4,129,54,108,38.17894651913321,50.035079317495736,8.998515016911778,173.5223238165794,Maize
4,88,143,129,32.89855772691601,28.69665119057634,8.693850514244044,158.6449525945099,Rice
9,8,35,45,37.583956143609086,79.97320518019178,7.0782441733702015,20.815808500566277,Maize
12,74,110,55,20.334445045594265,43.95145997489534,8.555918240902937,130.5354088503935,Grapes
7,48,53,198,16.712875126064386,31.95949948514131,5.995605396979157,25.91403557572231,Cotton
5,131,18,68,21.42884768831715,27.528723341731293,5.336610248087948,282.6706245342189,Cotton
2,107,84,184,38.16711408427585,56.736558420756595,5.132190838006331,103.89316472445947,Grapes
4,41,124,22,36.374729202724495,70.10950557820996,5.452945858860865,121.41800871053275,Coffee
5,15,48,41,35.60088743032033,25.860102165135,6.250112532148812,213.3610221707818,Rice
11,31,137,96,31.315871250806786,75.45307232432774,6.774886241874697,250.2428791973102,Rice
10,96,48,200,37.15706570409956,71.74176550374324,5.654813841892361,164.80296709641172,Rice
7,24,126,62,38.803719985500436,64.70027429028839,4.70330445590994,61.99755052891356,Cotton
8,32,64,49,38.30469417340211,97.86647044255947,7.477158716885657,140.87582574796377,Coffee
12,92,46,126,20.709581753861023,42.361369206658395,7.254867280237396,246.2806666083508,Grapes
5,78,55,47,32.5471503189799,25.268192362308977,5.4675087004162615,144.61131488886147,Cotton
1,63,13,147,34.78193908228563,74.19873694096461,6.757141963402795,207.4874087044948,Grapes
11,3,119,29,20.91550476738086,43.233400986474564,8.570191150987213,234.73171287278504,Rice
4,116,37,90,29.16966450095766,38.317981853029565,6.446640110850741,184.98903320711048,Rice
9,104,141,150,39.28651030954302,44.61039010104284,6.450018487462318,223.06091437614145,Maize
2,49,133,97,24.62333726360773,95.98411955370521,7.551284866835573,128.28299590367493,Grapes
3,8,101,191,22.41349951394527,98.63051876770369,7.068690072089833,180.46687798780673,Maize
3,69,12,202,33.38943121171671,91.89863724959628,7.609891503716548,59.0040781981067,Maize
11,22,13,73,35.06040192055802,77.18547740429781,5.998123839903069,127.89942899467958,Grapes
10,13,16,51,15.358686843314546,21.830539955135386,6.148323350601582,288.30716219269885,Maize
10,68,102,91,32.47187578603339,33.4557713087288,5.291941377037434,195.4439240953662,Maize
6,5,75,83,39.16915173828653,18.321765085352627,7.515502179401379,277.6433359992219,Coffee
11,67,140,26,38.362566470884076,80.70787536522785,7.3821172596005,243.65770194493828,Coffee
6,59,100,169,23.033740893565188,52.43223924214228,8.39371372743655,95.91177049667232,Cotton
9,127,94,162,36.13856770175359,58.08351796876883,6.968439480014188,253.7368283901331,Maize
5,52,116,173,15.257752849715514,72.61069350833708,8.800940434261086,274.27894880283964,Cotton
11,59,14,135,35.511381345755524,47.22443532829015,6.608237271803622,160.04778717031894,Grapes
6,83,78,7,26.433292577046167,69.48619623044604,8.36772134953241,35.655735756229326,Cotton
12,115,80,87,18.215033485163605,58.756498971144254,6.76199274850572,29.5216478053386,Grapes
6,133,65,193,23.68906755137258,49.14857075890022,8.99678780919675,131.97928121998171,Coffee
5,66,21,139,31.56138226551934,95.38394000041666,6.346294989722961,266.92648765467845,Coffee
3,126,11,121,33.45472919130795,47.293958340548386,6.388555628308813,44.59825690484742,Rice
3,110,126,152,18.104852502798327,29.93988400504543,5.179036571228405,255.37439530985455,Maize
10,47,140,160,25.412659772852898,49.13970607889419,4.51513357493766,277.7423383063947,Rice
9,103,8,66,20.85895185195237,32.70313974839122,6.105281539427195,226.0680065387946,Coffee
3,138,139,146,16.440990670972067,46.1366019419067,7.610643178066327,213.65862743010072,Maize
8,35,44,169,34.32252454136339,44.698949633339595,7.489705317351197,251.35852512631678,Cotton
3,103,72,58,16.249652283925045,74.47229845641284,5.9814865081704305,202.19668509111622,Rice
12,12,134,46,37.740345855792796,57.86301135618068,6.438113989960523,297.25601773263656,Grapes
9,120,78,128,34.06004068500497,56.90876084550911,5.49788452643603,236.3548670028685,Maize
3,81,59,144,22.3224121459331,78.91561054952929,7.20989522282621,281.10914922826606,Maize
7,22,6,94,29.96694075527091,22.211098426214903,5.389740020979937,162.78028305622897,Cotton
8,2,68,141,30.101888906542573,74.30838870101628,6.4799325438298165,58.23536657159189,Cotton
9,74,17,94,36.037989536491935,89.41158741030993,4.745397835069236,171.0759497282342,Coffee
9,115,52,25,24.859437733137828,34.51403676408262,7.811592421337624,62.07033773917729,Maize
12,70,119,31,26.977142017937062,87.76896261133501,5.847266223119789,53.476245726364944,Grapes
2,11,14,189,26.12053522284723,82.44444659567718,8.918925491570414,57.34453896999325,Grapes
4,37,87,176,20.289630975981286,15.787729288569063,7.294110662680571,177.66550553077542,Rice
9,71,37,30,20.252511684063563,37.5100978643475,8.355006778295884,131.76655552352318,Maize
12,20,32,81,26.412178874863912,82.12376262503358,8.177975610078843,200.53432643935457,Grapes
11,104,120,128,18.021106097844232,91.02503139959491,8.142839514714176,260.6452760283481,Rice
11,10,93,151,15.524333637529953,90.55844022444849,5.296371904180768,73.51816998243032,Grapes
3,15,82,166,28.145507193945853,37.54229087960847,5.298301478849595,253.76883583281398,Maize
10,30,96,159,30.555664242808128,49.152620828481254,7.571910200379198,290.198604838307,Coffee
3,53,112,67,37.570525136847124,73.59127270280872,8.438979465943104,216.64315565330574,Maize
3,58,93,145,27.492977719521537,80.76402376718653,5.617667472118185,136.25676057705283,Maize
4,113,8,179,20.876258249475423,94.00299380625736,6.707840429793501,83.30054782505155,Maize
5,127,129,115,28.231622706684952,31.015856492584955,5.518694105538756,159.8089861524289,Coffee
4,136,116,65,37.820908852195146,75.37257649758425,6.224926180621564,195.97787555149688,Maize
9,84,114,23,22.259203440040938,88.4552461802936,6.796449707273281,179.12206279382963,Coffee
3,114,58,49,28.090039510275734,36.81642338247606,4.804109723367328,85.44301425529363,Maize
3,57,127,104,28.80626297179039,91.91063256509658,8.290610497121314,82.83826609654955,Coffee
10,65,140,188,26.75444662457981,51.527174523741934,6.600400379874461,202.1668214357697,Maize
7,48,33,196,22.994384416329172,28.619866930630344,8.233128914461213,24.956147710668972,Cotton
8,8,15,118,20.896277394424303,67.522353633918,7.808141217501241,223.52938293338542,Cotton
11,108,98,143,36.35424499392648,84.85849092365815,5.732370261598649,271.81783803989265,Rice
1,110,143,86,34.67377850769313,89.56448767742467,6.9312015188677805,196.46769380084456,Coffee
6,110,108,16,19.799098037331888,75.29956261721078,5.492960012355455,293.8413384654678,Cotton
3,82,105,24,25.246573152455895,26.63139945478229,5.3380561977268774,178.3347175639346,Coffee
4,82,69,55,17.25872811599472,88.66069026356683,8.982555723045806,188.79545045218939,Maize
8,112,77,22,31.171396924781085,56.120881335871104,5.333411288503603,68.6148192015492,Cotton
10,49,19,138,35.2063543543531,60.802495799755164,4.692078039021154,298.2247908890535,Coffee
2,104,96,150,24.25118135034701,91.57019238644646,7.283864040023305,182.2024158716705,Grapes
4,54,108,19,35.64349701812052,86.4035979773255,7.5456992077245575,25.720140972276702,Coffee
4,99,24,47,29.63480187543987,42.99476094384843,8.901707095017464,210.79244990904706,Coffee
3,112,96,23,24.740108910945075,95.64371025484762,7.812435811334348,172.5756367481929,Rice
8,121,40,148,15.899940477309377,87.62859357955537,7.437178571663386,107.90305665956663,Cotton
3,82,50,108,29.60127437440555,56.96654741689859,5.403907683917197,213.254824959089,Maize
2,20,8,84,31.43909466878588,69.50987655784505,8.28774390952192,184.18862667174554,Grapes
6,53,14,198,26.026751158793427,89.86535998327687,7.66175047853136,39.22038149521751,Cotton
7,54,47,155,39.34169413457465,37.97583520001425,7.538246746228461,152.81443669151494,Cotton
1,97,92,129,32.68746688623747,54.58202693701822,7.559742985735467,85.36919645395349,Grapes
3,41,32,151,34.511570968448154,56.910898195566524,8.138637839960516,45.35271946044864,Maize
9,71,53,154,29.90562337774722,52.69039597107596,6.396985073803275,122.79073086742318,Maize
4,1,75,144,19.306607259329045,56.09759559512381,6.986758566799856,272.81538991041725,Rice
5,129,107,189,31.74393168029781,75.76462777205771,7.990214155369932,183.75408688443767,Cotton
10,23,91,181,31.24320677177684,94.70445071554634,7.25313311928794,54.57090923981013,Maize
4,98,53,111,26.112875284746146,85.2603648983556,6.7653412728542754,226.61067160991533,Maize
7,1,43,54,26.86307024762522,39.07725218896659,5.448291073603977,272.6377122571989,Cotton
9,83,43,123,18.02128959926598,82.7578401026222,5.519442475063715,182.2451679773327,Maize
4,17,31,163,34.77153805878197,67.32513932137067,6.700882520764796,264.64763508329463,Maize
7,66,125,63,20.566231356983252,63.65463936358392,8.385907084243149,284.6892679017374,Coffee
12,99,121,132,39.38571367509596,58.31794810764914,5.848184616551654,34.61434335602057,Grapes
12,83,93,92,17.620580805201616,33.84115582265238,6.095133925637573,23.190042079042385,Coffee
12,136,99,114,22.91420229110617,63.530489496722915,6.426487453919309,123.22868466970098,Grapes
5,49,141,46,33.16407353952523,50.73735773918346,6.660391714686201,78.59370184478769,Rice
3,100,77,98,26.025373986867393,70.6612309249638,7.12808832077088,134.98955356903315,Maize
5,89,131,191,39.19756158876896,43.628174380312664,8.018401598399873,131.51198897133418,Rice
3,70,80,12,38.05133344104624,52.48905707614991,8.065174974764648,142.38808813924675,Rice
4,33,26,127,20.278170783268074,78.35640720257135,5.9075523777971615,54.00412929308041,Rice
3,68,113,137,31.631309802198764,38.51938709525999,7.037386932175313,51.368022072652145,Maize
4,64,6,170,28.02510736726238,37.95981872708188,8.920317975400986,113.57631378290317,Coffee
9,35,16,76,16.666792381915993,28.99071617534664,8.690536676435464,45.35386447818104,Maize
4,50,43,17,25.791030593471767,41.38629742120099,7.888154916651574,162.92309998051027,Rice
1,123,17,196,15.077290536831429,22.48842234864998,7.957649640798518,100.681207700059,Grapes
2,102,67,44,21.25935607719613,44.44174338125927,7.390332991717474,183.657279320586,Coffee
9,49,61,37,28.365989298982313,49.883175977095995,6.510259070522617,289.8780529881274,Maize
11,40,70,144,22.35913773589723,54.40373387638102,6.30304342672386,149.56506674539966,Coffee
8,75,70,97,16.58432746007857,72.75969658827051,4.701013798059776,221.86791629289553,Cotton
10,42,29,177,19.96508344755812,35.863731128024796,8.720637572706067,135.88900404684995,Rice
9,139,27,120,20.009486045696327,66.01351498082187,7.989761915757547,82.46881124498105,Maize
3,120,61,24,24.766333322990207,33.92806809905749,5.779447097718576,45.48493058080118,Rice
11,123,125,44,31.965472217943077,80.4663782843837,7.3771689971857874,278.7506578649653,Grapes
12,73,100,57,23.12599961981863,64.45135501856876,7.391512827264721,227.46123689631528,Grapes
4,44,84,140,24.66198036401859,79.73361385454392,6.163290229337104,262.30695687618595,Coffee
11,41,81,35,38.55167227111229,84.89631206688726,7.3445501518150955,158.35290379826955,Grapes
5,6,89,184,17.06692857222895,43.292159746839765,4.764825850183443,139.2127350635986,Cotton
7,133,49,161,25.680425244274495,58.11780416045325,8.127789828866462,260.8013636687066,Coffee
5,41,100,91,30.31668708689798,87.29182452763531,5.944163616778368,198.2301901266142,Cotton
4,120,107,150,22.4995281662029,56.22998384751574,7.625711790976204,245.1535224376538,Maize
3,18,72,199,17.57802818264376,35.73653335231882,5.056886664084723,159.60374787616325,Maize
12,113,98,193,34.44714384082093,18.123527491435308,7.283899392299631,297.85345905200404,Grapes
4,132,100,145,35.68001592877057,96.52425599618451,8.262396554589472,183.32726301476043,Coffee
5,96,86,197,39.18368067885243,95.9644156440776,8.665271723714955,132.02194669104438,Rice
7,116,73,151,26.820937581065472,85.130254372215,4.613889004612238,46.3279274282513,Cotton
8,9,93,174,33.92161858106358,34.90884094935146,8.473964803298143,56.54446413389324,Cotton
8,66,16,96,23.898072369065634,42.714094502393436,7.071248107799059,86.35119160564562,Cotton
9,124,10,87,15.023517997987963,72.1202248653178,6.661295244915578,288.5302077451439,Maize
3,93,84,157,24.170618424607444,40.29857620972257,7.226525639565161,197.13135276977602,Maize
7,96,76,117,33.1816213009601,45.41658970012301,5.532643109571886,266.01007198638433,Coffee
11,125,54,124,32.332015125091516,24.590908888380007,5.10682996670655,289.20325801308854,Grapes
9,11,68,84,29.67592905315827,82.03352853204532,8.524719355226708,114.92654140697226,Coffee
3,97,17,162,29.92619574657838,60.219944189516404,6.567298209523177,280.7238416743296,Maize
12,120,78,170,34.24385190239937,86.01668960087352,4.712794815121049,226.89109201134207,Grapes
9,23,133,194,24.500730826237724,78.36309711927123,4.752566443910646,200.87254498159672,Coffee
1,37,10,52,23.283643417815945,33.69309141948667,7.093146163638364,195.2714515645311,Grapes
8,127,40,106,37.78580767786072,38.724509912119544,7.8389472098438215,230.44857649593166,Cotton
3,77,27,75,19.178588904888112,89.40425402997101,6.519082328888174,206.1208956519919,Maize
4,19,120,11,15.643021862917385,68.45659279999116,6.78839292342675,181.71342554264493,Maize
4,34,5,15,27.55226514150584,19.62425091144048,4.792817688290311,207.90190137843805,Rice
8,59,97,83,21.91749055077974,81.42226293454398,6.732230344843897,147.60328847166824,Coffee
1,33,97,117,26.477119561850095,19.927532305895607,8.117085601690103,79.66729653395163,Grapes
12,30,91,163,24.854835006714474,18.328228062043735,8.759007319897648,76.9613129785111,Grapes
2,38,31,174,37.52170806872869,35.59966399157852,8.11943782046824,36.67545060085986,Coffee
12,13,123,192,30.391210642917102,70.47115397552795,8.469246603563349,23.557278247938456,Grapes
4,126,64,62,30.914075634671374,55.97338443923602,6.599904772410579,60.540720429800466,Coffee
3,39,62,61,32.87505818556502,30.276198273362503,5.754690342027555,281.3220677756419,Maize
7,136,81,167,26.05183538348505,44.27224977079125,5.66430901214546,276.6801819115839,Coffee
11,59,131,177,29.740459292272185,29.047903549844207,6.669684128416016,288.0677280016783,Coffee
2,17,23,162,29.387813630317353,54.570922759617254,5.450256910320527,38.529514373394036,Grapes
2,84,106,88,38.23471257714098,21.430497946917576,7.943375123638097,214.01793562067172,Grapes
11,6,61,106,26.16498112798211,31.791996081635286,6.30746263770685,292.5479717142208,Grapes
4,112,46,80,27.568953430210236,33.66058080024618,7.013066427781076,71.86298513486827,Coffee
9,129,94,85,30.29948910629182,29.384387030770753,8.372073659612496,86.90803773287394,Maize
6,137,69,200,17.23552009676242,31.507129326893445,6.711382637462922,212.77181652911187,Cotton
10,28,103,14,39.21308845701064,57.08398554591219,5.5647215007372,166.32073108158463,Rice
4,73,57,190,21.4863011969926,65.47466946387726,6.22799137002124,180.8760991374396,Maize
8,71,61,38,25.456076758721,69.86067668177256,8.1897608846755,253.67672489090896,Coffee
4,120,39,190,36.888319334020025,63.507773974073125,6.994855530104834,103.83268751478215,Maize
3,74,123,139,24.5110894504405,97.5776263211277,7.205356019647051,275.89466428088423,Rice
2,77,103,157,22.532544454032383,54.41433677461702,8.76574236831269,174.72757995952352,Grapes
9,56,28,31,16.9154727652733,84.70930421092203,7.23139241106143,125.9642191060095,Coffee
10,132,5,19,29.320545715476825,81.32788806788038,8.648781759041235,267.5024128426468,Maize
10,8,37,165,25.605981991790266,65.02038172676683,7.283397249566212,88.69368612213786,Maize
5,101,120,133,39.182087610063064,35.273183528292684,7.885779594588223,253.11810702741033,Cotton
3,73,34,76,36.079878759884835,31.257981020367197,4.811045367675621,258.63177296476704,Maize
11,90,108,35,29.06782160388472,94.19201313780911,7.050549805727587,213.18317204488025,Coffee
1,45,52,69,32.73996760781468,47.94326054591541,4.572873552729861,206.20055961402247,Coffee
1,55,60,198,33.232688462404724,77.04768212133254,8.85246606048312,168.08809475124744,Grapes
11,39,73,8,28.137180422384237,94.7213163120609,4.924506583859199,168.6173353259876,Grapes
11,10,137,82,38.24655554431289,94.08907976765389,5.435898435300552,96.29126817350696,Grapes
10,80,23,109,20.381377954893424,21.54667651747671,5.533307023328936,210.34656150777178,Maize
6,23,73,148,18.645434416769383,36.29020888104614,6.479179472470941,145.39672586190784,Cotton
12,89,51,183,20.08338717107086,75.7030468191112,7.578378610563704,206.9071831350781,Coffee
8,102,78,161,34.47451469255839,64.75421732909348,5.404475843922539,51.360859845436686,Cotton
2,125,40,67,32.76818712612469,85.3301826754512,4.9836853574365,232.86117724776588,Grapes
8,64,88,112,26.025789993303157,27.561556204586793,6.940886112300476,114.67143002012263,Coffee
5,131,17,24,19.46905468860227,46.84877774431386,8.15837965085705,26.271144443826874,Rice
10,1,44,14,39.59802522834572,45.52393979062995,8.944067619223148,153.01555311454587,Rice
6,50,110,22,38.780155452840134,35.422508656893214,6.552817891991058,152.70108705281575,Cotton
6,96,144,18,18.64789543018425,67.11643904893484,5.539323671612516,258.446205066197,Cotton
11,72,15,24,36.01039310705808,18.207179267477674,8.65646550096351,246.3595790607067,Rice
7,5,65,161,15.22206693989989,83.25598746478902,5.545176633853463,175.5559861960005,Cotton
5,62,38,100,32.80633638596642,30.881471155376495,5.2057656296309185,167.08044502020337,Cotton
2,108,117,104,27.039248987315215,21.662999714611786,8.909125735507484,184.26875678537584,Coffee
11,4,21,111,26.54782162493875,97.5295933008241,8.935684851075697,252.7572414709763,Coffee
1,94,119,127,22.97306232682038,25.865032789153656,7.563861333157361,193.62242372422403,Coffee
10,8,35,24,22.1024181396608,84.13037786433664,6.53408088618902,167.2075331473092,Maize
3,16,90,35,16.875494186331984,40.729567207312904,7.964246969976342,168.75654796757414,Rice
11,139,103,145,35.62837037483695,34.22515126060587,7.33947565413309,94.07550705378735,Grapes
10,127,106,75,34.83663038713304,26.454329391629727,6.989445804945668,206.06059548725895,Maize
4,57,78,191,39.34949544152898,34.29212622456208,6.965225065070736,189.89851599031198,Maize
1,96,15,110,19.61153397916409,75.58717787666525,7.421434885249031,30.324546566380594,Grapes
9,18,70,136,24.940425554676267,57.321933995102626,4.890430482835232,75.40565535709763,Coffee
4,44,105,104,36.045498427574,23.762172227060816,8.094959517849011,176.40077858603894,Coffee
9,103,21,102,16.7966540070134,57.89279492093941,7.369573030560421,158.8981732864268,Maize
12,109,134,135,35.28087473159593,77.45233263537857,6.026975160628389,293.5951377984003,Grapes
12,123,27,108,30.33558518995743,27.961256476487577,6.388786577772476,87.62641459639195,Grapes
10,13,103,179,15.810242708165726,81.86261830571529,5.079245402482369,124.14130743832433,Maize
2,131,101,57,17.474306762142064,90.78587202521842,6.521404749016567,53.37031784710829,Grapes
10,13,55,7,17.596470059119653,99.9337986220733,5.284650875243345,196.58636477192596,Rice
4,13,39,174,17.637717470108534,71.05522593736548,7.126717046070482,118.78458465430164,Rice
7,110,67,146,16.32701409585504,15.745923525662894,5.710404674433702,241.72915901109613,Coffee
5,139,81,128,27.8791811849634,63.293970659915914,6.079820373220734,82.75169957362658,Rice
11,138,45,172,38.21546126930707,43.38869591640676,4.517618348611509,115.67552448422556,Grapes
11,33,22,44,39.828644585324824,45.80986904145462,5.22004860112626,71.07553896190271,Grapes
4,121,24,108,31.343511910586436,41.358883307019084,4.804666255211118,63.64148082177599,Rice
7,76,43,143,19.29567682436971,82.99121079240783,4.917000411763235,110.38008640597988,Cotton
9,117,127,142,23.925491657258835,56.042716822715455,5.836883087368626,68.57126610239695,Coffee
8,118,97,35,25.74449554453696,91.80419863126257,5.957031722837501,156.92667530803874,Cotton
10,137,67,145,26.955995096216846,80.2398425817511,4.876803977065605,37.69750513651832,Maize
10,21,137,133,17.823558907139827,39.18882207035553,5.528994731489486,175.25392745079452,Maize
11,23,64,192,23.467081935279527,72.46403115236156,8.374159109411105,160.95335531363597,Rice
6,33,92,166,20.52692945807039,91.87633960807793,4.649047800328805,68.2105369164061,Cotton
11,19,16,10,19.91301437822746,74.35015082400486,6.1765060964280645,180.16328371030434,Grapes
2,11,121,185,26.127948391866994,58.210214259948835,8.078840546942319,157.62779258897643,Grapes
1,134,14,79,17.865001570720302,26.18481081997919,7.322733034643824,138.14060467542134,Grapes
2,85,76,160,17.901125003306365,88.15526084012767,8.922519763241857,170.04306607368875,Grapes
9,128,68,84,35.36612471298258,83.66146321341432,5.160203156392909,102.75560470653478,Maize
10,30,129,104,33.590244665116,47.234688068434764,5.362172208468539,83.65355317786486,Rice
7,33,32,16,33.03971196259981,72.24457378222232,4.587652142723313,147.35971145609528,Cotton
4,57,19,176,31.497319429921998,34.97023891351669,5.764323195771648,151.42879390521625,Rice
3,112,30,69,16.739291183341287,44.6043352513025,7.748300234484333,256.34446412253465,Rice
12,11,107,146,29.976329921399255,63.67880968590782,4.886444417746075,159.5178466140452,Grapes
8,55,40,190,39.83618458275263,97.50446347840976,6.56403519216365,53.72753561170724,Cotton
2,22,40,88,36.91222793368815,87.97827458878052,6.5195347283929905,231.1619892730444,Grapes
11,28,36,83,20.52329951207972,64.71512434982067,5.7106543382061306,264.1229105135253,Rice
3,76,56,185,15.89620950425332,55.41496942772902,8.48564511633943,136.87557567038218,Maize
12,5,91,186,31.481916485819657,56.415173302220424,8.32290591488706,33.276959759095746,Grapes
2,8,143,31,33.14496070274276,99.09497258942723,5.4275809865231714,291.34699852049386,Grapes
7,137,107,135,30.215786314456228,19.128687534445017,4.963496157211883,230.63028331662872,Cotton
4,117,39,47,26.24179436603411,34.91993105261449,5.442860381820296,279.24588093710867,Coffee
10,9,102,76,25.51895387841001,17.622657608643333,6.182163023722701,226.8240070423937,Rice
10,37,41,99,24.83108717812177,95.5175756861411,5.406966748959627,79.53535412684636,Maize
4,8,71,59,22.893526065042863,52.36703234498993,7.883358428181034,252.19322855856404,Maize
11,30,45,77,36.63227909976136,54.25894261878537,6.636475137521392,215.92578907634106,Rice
10,128,20,79,33.04895049739036,19.649326765185783,8.228501512213057,32.288899658107326,Maize
1,32,10,141,35.5969798908776,92.88797463693409,7.5994688795250696,141.1635164713981,Coffee
9,25,68,29,20.91999781798172,49.78387104369635,6.706935832400941,175.6952489176912,Maize
2,131,128,39,34.42849101632788,36.915926734494434,7.728112286273006,30.628645213882713,Grapes
3,20,126,18,22.55157885545053,37.42879801568604,8.056318652284698,70.63935153392637,Rice
3,136,89,111,38.4451033832883,40.61934928922928,7.276929406269415,200.25435665203898,Coffee
11,82,86,175,28.4875442836888,76.73456954535106,7.685221219643075,125.10032964599182,Rice
1,105,31,119,17.1325833980338,34.09002131992298,6.044216405640764,234.78438800864475,Grapes
10,58,45,146,29.90685178374443,56.89636041877157,5.610241156782905,294.31448172253073,Coffee
7,51,62,90,31.898813438998094,96.51444292956059,8.142688576926545,236.88776714828916,Cotton
12,48,11,179,26.878753739618368,30.27968190567162,7.149017628770697,141.8421153187429,Grapes
9,8,92,160,16.865887914429432,43.55068276966833,5.569725641018094,81.52074104442069,Maize
8,46,66,191,32.94268246115618,89.86554647721898,6.639203812267787,61.30872461948311,Coffee
7,33,143,148,29.583352264222917,38.723168923298275,7.145347515892528,78.09529353774963,Cotton
5,24,98,29,15.50835408551973,52.504513882562016,6.0457786424998226,174.97212204599097,Rice
12,30,37,179,20.348546431210224,20.37956716281512,8.098933557529525,251.58353622279353,Grapes
3,26,36,44,29.318377719698308,52.43255389652467,7.980706127697035,253.74111618187223,Rice
12,123,98,28,29.892808885802552,34.032480474874156,5.898233661921999,146.43526000619082,Grapes
4,95,73,119,18.402548411380174,25.495377150084945,5.096846474249668,191.80187474086472,Maize
10,111,67,202,16.558708717486297,72.85211597374094,8.789662377351066,153.97714133079015,Rice
9,24,117,68,37.77381205037607,58.30706755514769,4.555746952100001,289.8366185133939,Maize
3,63,30,45,37.003821852304284,57.47844745254105,7.970149720551376,242.68709599127732,Coffee
5,72,127,126,34.41143139629729,27.73760283373905,7.643976035386313,158.98271015636888,Cotton
3,23,143,158,39.0408109201458,59.33137164450878,8.75197487376822,239.45754061781747,Rice
12,138,101,106,18.540858908426845,84.3950103399248,4.769831682220734,234.75332365640153,Grapes
12,120,99,67,28.809094430071724,34.90880099163227,8.276409625880984,39.496388966411445,Grapes
1,69,107,174,16.423626513789223,17.356564757243042,7.848641931636956,295.07089070126636,Grapes
10,114,81,70,17.439320628674203,96.68460154604554,6.991999989022322,231.6670733923106,Maize
3,129,53,181,26.06957859468117,77.85602322012568,6.85854099496736,228.26480166781351,Maize
3,39,40,30,16.75454547731758,33.41612577538841,5.954620672394979,227.1322255528723,Maize
12,38,106,173,35.364808559443716,85.45748400760853,4.6833062587484156,258.84368821663566,Coffee
5,22,75,68,28.253175840729888,31.287701066761347,6.574237326494226,299.07031216078013,Rice
1,118,44,28,27.325470311432902,90.53341855790057,6.905434330826792,249.8084638657173,Grapes
10,41,138,56,21.24695773479448,99.46622475379645,8.154831218060295,216.1903534761055,Rice
11,138,97,101,39.40079060565087,70.96760949898407,6.264233490231302,286.88477075633205,Rice
1,34,23,113,36.486584807643204,89.98693235470239,5.5052105785304555,49.002917570572556,Grapes
6,9,139,190,33.12180915741775,59.72623513046158,5.759891275642878,296.7808954302977,Cotton
4,39,132,98,27.96658587212594,31.40433613876584,7.531006007789948,35.45756027271234,Rice
4,72,132,44,15.621774221982438,31.47528457244226,5.432822218538441,38.00651946907351,Rice
4,10,76,170,18.25191543537981,27.48339246049835,4.964320403500224,129.32552242200472,Maize
5,78,69,100,29.591515090339666,84.0605508880099,6.371919678711996,98.32329521577975,Coffee
4,22,141,133,15.42383639405228,54.29650582569791,7.3270942313319996,56.85018862543088,Rice
4,19,42,20,20.934477382197358,78.43496407812984,7.340711023780231,24.47691881995752,Rice
5,128,141,28,31.296486329096734,78.34346136739458,8.784321682132717,237.17047130871558,Rice
3,6,67,186,22.70752551735906,47.99364352638121,5.498999209580212,249.28558817527428,Maize
3,83,71,135,17.8850942345648,21.846261074385428,5.660133130444232,294.5196452809444,Maize
9,98,68,111,38.309547074984934,86.95760569717127,5.822419043607734,293.0464774217486,Maize
7,76,90,92,26.6552789266093,47.46691433714013,7.015201351941708,282.2388462632058,Cotton
4,66,21,12,32.60986798044859,31.96180251671234,7.882274094540019,154.50070247472485,Maize
7,21,15,106,34.76301768055416,19.00980047172707,4.922544775183069,166.3708967482695,Cotton
11,4,120,114,24.763049331239603,29.667969554634105,5.997868215175531,196.22301955769086,Rice
3,112,95,36,28.868171057562456,61.89341405822328,8.97488232643154,168.41612627996923,Rice
8,85,95,179,32.59566051993319,65.90646261227792,6.465486520128783,129.18113185441217,Coffee
8,20,8,41,37.238871245654934,37.719092731698126,5.886427536561865,174.39432475982136,Coffee
4,43,61,90,27.801000653465117,76.79832769003832,6.988956939496382,219.23349145561411,Rice
7,83,48,175,26.14137770744737,67.74363847497236,7.579072173827164,70.14941270790521,Cotton
3,58,79,24,17.240544014997592,82.55892056329046,5.642418779327522,235.28530469075756,Maize
9,25,85,159,35.15359566354928,62.4402994692777,7.713592241892133,30.64474709634736,Maize
4,67,46,175,31.95309261727492,87.61365917533466,7.476946658012675,168.2236350669376,Maize
7,28,50,158,25.165388326384974,23.723367354486477,7.861241424122918,196.5444041041617,Cotton
10,55,5,59,30.992368514211748,38.08367324387362,6.336804890292177,75.8150089320566,Maize
5,116,97,56,16.156914059242002,99.85941319272277,6.015065439920053,141.95987719214034,Cotton
8,57,101,74,34.20475085765643,52.15375508759609,5.758291179036346,70.79759982821437,Cotton
4,94,106,8,25.88938518310455,96.17727170900078,6.5101339162810055,185.5601213394585,Rice
3,25,14,120,33.093220727197945,74.70012585635598,6.896046115059324,258.7631235705321,Maize
5,30,128,141,22.579117896206824,60.888848074101006,7.033572549789183,146.1980559581457,Coffee
5,42,5,195,39.58858251423336,92.85391483601023,4.507726264161109,49.54016899797034,Cotton
11,59,86,164,16.422040263740644,74.24484074747376,5.101925313472405,166.47423924752582,Rice
11,77,18,112,16.245619696564805,69.2534351607638,4.620405666335572,50.82189476838177,Coffee
1,94,27,110,36.88998487218302,15.131637133763247,8.047203788095594,287.67028139489213,Coffee
7,115,41,163,23.150523091709847,95.4640032305713,7.316427212047753,80.71374769383247,Cotton
4,48,89,101,25.09827087086033,20.615535239563712,7.77467202604423,291.80565017903007,Rice
7,37,139,198,27.820369119880674,49.31723629841275,8.377726434924513,275.5998491536636,Cotton
10,66,101,109,35.888150604573454,32.78904550789063,5.9724853149761845,31.37810025095228,Rice
11,49,63,116,21.3210124208234,22.716388434664378,7.6578150170459685,270.28895597207827,Coffee
10,6,81,123,37.64557952784719,33.63520652369851,6.02315125649822,148.87130747166336,Rice
5,15,118,187,21.55725082883668,93.92194779716532,8.417057350615186,286.1291928520402,Rice
3,89,59,131,36.97523888792898,98.37822989882835,7.250921864469712,89.70972793153369,Coffee
6,86,41,50,16.40886299702904,88.49061217500096,5.227412277565599,184.1855598987326,Coffee
1,102,62,176,16.171395463965187,65.08685009870263,8.097294098267959,92.83419699581127,Grapes
4,102,128,101,21.054918910139577,97.5965268615793,4.683109899160131,137.43423303212023,Maize
5,62,107,101,36.818436718947375,34.25080327419171,6.521819715523905,143.6071786628844,Rice
9,78,32,107,36.303049799550806,67.80923017473921,6.561060548889534,105.77764853915912,Maize
8,21,67,53,34.94918734841163,45.05102163611345,5.07007397732553,49.53895731662802,Cotton
11,87,52,48,17.285599972452662,88.27059656606666,8.71879348382361,119.73373784756805,Coffee
10,53,80,39,22.695532609020734,51.36247752967224,4.819112059975923,248.64501736467085,Maize
5,15,43,185,28.702668237029695,78.41369568586322,6.474735024239542,178.6034125175659,Rice
10,130,117,52,15.661395361094186,58.39752534240486,6.7457802989775875,199.60753010745478,Maize
11,103,138,23,22.366727381109143,15.136242765849609,8.454450473153438,203.835338068002,Rice
11,122,86,126,19.295223052703708,78.00852573680189,7.2964781774382015,33.44640921305972,Rice
3,72,59,171,23.7280959113437,47.209370934563005,6.477317480989138,82.18764226626544,Rice
6,38,70,15,32.150491554029486,71.93196938323109,4.764431119301411,113.20431471966265,Coffee
5,138,109,135,35.432662090737935,22.413308310434985,7.244778344686342,193.3875624260358,Cotton
4,138,101,147,36.02170889422863,63.96125191512013,6.569973132166727,167.352473608083,Maize
5,111,82,93,37.679234428383644,75.53736934835646,7.51296165582011,175.4292163847641,Cotton
11,126,58,91,17.74772485438351,70.65588552512109,4.943353566897061,166.08402841316385,Grapes
11,74,61,28,19.504890875212684,54.72932833808493,6.724705903918666,133.20040040747662,Rice
5,125,7,69,38.912411558532085,50.83251231066675,4.95050641652319,44.64912465401782,Cotton
7,61,60,21,27.691286623213774,74.43070089314512,5.53237698275805,171.27908037281358,Cotton
8,3,112,147,35.2905248962945,75.40449926051913,8.478557544111354,245.19442008512743,Cotton
