N,P,K,temperature,humidity,ph,rainfall,label
48,53,169,38.09830348225827,95.1488347030512,6.16168110511752,271.50760324168635,Grapes
69,99,177,19.90324820790467,53.8043866360167,8.446249921129338,117.29304745692063,Grapes
22,47,172,26.24506312048958,45.9059382038258,7.071954471424501,29.812841096721215,Maize
23,14,51,16.182799851487985,85.01132976768314,4.652709112926276,213.69669397116436,Rice
56,19,13,28.506299019649354,58.976340842019404,7.8177692745665635,292.1429865377342,Maize
62,59,171,39.867320355890186,26.35244582420153,5.006684645014575,239.77894582977976,Maize
19,83,96,27.14101592345793,94.23586724578954,8.430957185308031,177.37863648504995,Maize
82,96,8,33.91726078733055,65.9548942145777,7.6867255556900425,56.26741617964237,Grapes
52,113,178,19.63838867642606,55.20914298270616,5.0613593791843865,96.08752929453354,Coffee
14,5,99,25.12850944870727,82.82164770222195,5.977062769927511,73.70539847084369,Grapes
66,80,12,36.50805264738143,53.23508607181422,7.03087431343468,287.0266572842743,Rice
82,126,173,19.039946171317894,86.15382293469959,5.386294485701294,70.6634302863479,Cotton
82,114,81,31.40483683698694,70.01465173754964,6.044708017969583,102.20016897152088,Rice
8,130,100,26.278686023947824,68.4815098607927,8.904640887824243,208.5404446028746,Cotton
19,64,103,17.677262751736635,15.516029002263542,8.400337397872066,200.16243085757554,Maize
33,17,133,37.7732309045075,87.99879631807106,5.166378080911067,147.6474520528859,Grapes
6,86,54,26.79235993876005,33.96441488810281,4.541354238908857,142.8188313682393,Maize
2,135,69,25.84941531326612,32.15968865597813,5.54434804645696,202.89030409869054,Cotton
24,74,58,17.37602467033159,20.083847765231734,6.34938520831827,202.6033999324323,Maize
137,90,41,27.421896677354752,63.196435723344045,6.385399517062172,248.02082617430673,Coffee
106,133,50,26.88391308181029,82.37688728724781,8.18113892940414,166.02037416167235,Maize
54,112,187,38.35420682892389,16.75634465895715,5.0640940561967716,79.02707832483003,Coffee
126,100,47,26.533773848603257,28.38540910791555,8.917971385176074,35.4969225033702,Maize
8,8,30,17.950362066701462,23.13588942834896,6.412509276720517,163.05251175600063,Cotton
11,121,201,29.947611756826383,56.01087386851828,7.4741550141294,207.31929699176646,Cotton
108,35,62,39.79111655022372,40.56505055140636,4.913568298605876,58.69406458002781,Grapes
133,69,69,31.8938188802681,54.81676532179117,5.674089892876116,83.26575054953298,Grapes
130,5,123,20.621964640368894,61.493513251863504,6.254373482915956,115.3899179899962,Cotton
70,85,108,23.058696630741508,99.15316911215571,7.256325171941606,23.269382467921563,Grapes
15,45,126,24.08862573533601,30.73980313966476,6.46759212072733,159.96368893636728,Maize
51,94,11,28.40931414636455,88.6300513515803,5.481708924078001,98.87416705317061,Coffee
118,22,85,21.67946135791034,47.498510129361506,4.813187180571802,119.05558532369596,Maize
118,79,152,15.153786594385563,23.32351556986582,7.8892423986451,185.28547833658504,Grapes
83,64,183,20.025400993504082,43.618012415078795,5.30916658013186,83.82064657036395,Coffee
20,54,158,32.481596238586235,68.80226557269796,7.807682491254075,221.30300778928313,Cotton
30,8,159,16.772416547778064,81.285525048202,5.607358800461937,124.71072110771964,Maize
28,131,150,35.05056382729029,50.59465159430834,8.812637867932224,237.7545739876728,Grapes
137,25,31,38.85080816202782,68.46307726477649,8.158003837112707,298.8559294591674,Grapes
95,127,53,37.216568556714904,34.94640122889926,8.825624788402887,93.80304636618713,Maize
131,128,27,39.35065978144186,86.97713389437735,5.8067825214821465,42.871083350287854,Grapes
134,94,158,37.274251173432816,37.3286583978349,8.60728772373206,162.2710727851723,Coffee
35,109,136,21.07687258969143,86.15956812256125,5.444065828147484,289.2506587811071,Coffee
119,50,10,28.61050080434014,92.9984415437222,6.624683415065718,183.96246013712002,Grapes
107,83,191,17.630029274707816,58.4935013562588,8.135339351700834,135.0829287873606,Cotton
16,112,45,35.79727831958307,76.52465929963923,5.27589774415979,187.09352605374133,Grapes
27,41,187,31.429944384289282,48.555047291174674,8.78837624169889,26.473197801922165,Maize
81,57,74,38.408135662818346,28.61230539336291,6.711043618251844,278.59396030428184,Maize
136,85,154,19.90253116197158,55.45178671921891,6.303761594374675,32.84648576907177,Rice
98,106,35,31.495061295193477,56.30881973039419,5.883746655787401,257.2917726662247,Grapes
54,34,116,17.333543020073208,56.97851778169152,7.897346280466004,238.67244459497718,Cotton
119,136,186,30.71463749126898,23.73469241261603,6.283681517346095,158.41061875803797,Coffee
113,115,179,32.55076856360037,95.2404769069856,6.786126292139582,179.9611273957491,Maize
21,43,122,21.663006723144502,42.24821117574207,6.710223454798748,45.07152612359703,Grapes
69,142,119,39.32330591521313,23.61162213578531,5.474773469077766,293.17848075214584,Rice
97,91,180,34.35236228533438,35.89331842750524,8.879933070002375,64.22389812647694,Cotton
47,93,136,23.963821199925178,70.19102752199969,8.441188693821502,235.60202925545903,Cotton
0,102,19,19.15688640509716,23.722945145945676,7.765210650964541,177.61475315450517,Maize
33,70,9,34.74476700432722,28.79219544269973,7.450698178487068,298.4084764992781,Coffee
117,38,78,23.512640013775624,36.84614955205376,5.04889807524845,84.12164228462966,Maize
122,64,69,31.27837961203196,80.13167842398835,8.666997699881241,222.8495540249367,Grapes
98,51,28,38.476475327009545,43.60684497996559,7.771118625470481,79.50561444061947,Cotton
118,24,20,21.53882097092589,57.50079176805914,5.991547925239833,46.08187628035515,Cotton
93,85,45,27.24875218951906,44.02672958304605,7.660334850684164,256.51286233253154,Coffee
125,50,86,32.68076076338133,22.84192254568439,4.565730625703346,189.47980748545817,Maize
112,113,114,19.4377694070298,29.285622394724633,5.684256198498422,168.76924184308828,Maize
109,100,79,35.03221404537513,81.65901789375219,5.460064474080408,166.95182882851344,Grapes
0,19,108,20.706851869505254,46.83643887063049,5.3445419275496215,207.32456528274696,Coffee
110,45,121,17.975959492426707,54.56181385588523,8.922731465903675,279.7846986454085,Maize
138,56,136,16.289404941185403,87.8085669348167,6.583473028527428,148.1592766475631,Grapes
86,28,134,34.045863566815854,77.75867964264098,7.471225395339768,85.04896670077208,Maize
91,53,128,32.5623850404435,98.67446448583686,6.997323349264771,134.57682175052446,Coffee
18,81,58,16.398765237654402,90.79853235484266,5.152552375020392,179.27578322944254,Maize
113,10,60,37.11502675091748,55.615949832218725,7.351121194022425,247.213288452655,Cotton
23,57,201,36.19711018514096,22.44918264363305,8.761580747583118,255.26816208914616,Rice
108,99,178,17.32469711282669,51.109492263322394,7.065752461035861,276.72011345818765,Cotton
118,8,6,16.219100324825195,24.508413879970924,8.205057739118308,217.24199521420874,Grapes
115,136,11,21.878549829127085,98.14147581440949,8.647976126852768,32.33900728590667,Cotton
61,71,193,30.926329263845858,24.593280737335128,7.739874237071368,45.03367385416869,Grapes
94,75,198,35.37582071902216,57.70632125854343,7.259906128365131,299.23833357271826,Rice
130,142,134,24.81304009031077,80.78113822913964,8.155858877937096,200.2007068286295,Cotton
37,91,126,38.06172746911745,51.74280451852336,5.868594304802282,201.60297609739249,Coffee
88,72,35,32.411364835943814,74.74576636645034,4.907313491305517,151.46635202437747,Cotton
40,72,99,25.731203944480605,47.420235033449096,4.920901830777084,140.68313378303026,Maize
95,66,143,32.955074438020375,90.8620993390456,4.826986174738994,25.928659208513068,Rice
31,132,71,19.0824258560182,96.24733249574686,4.976537568969482,56.825530728015615,Coffee
100,78,123,16.500518425518475,21.331819574551815,6.14609648049377,292.16801641709685,Maize
2,99,169,38.587383809062416,89.69108488977521,8.18945501917303,194.44315502763794,Grapes
40,87,176,32.94623886711058,78.51317623040163,4.741346869118541,30.39369659784462,Rice
0,104,110,31.88386254592133,84.41163847734603,7.82897503318968,278.7527245402867,Maize
49,126,32,25.156930465405374,35.3612097843275,5.936671927269232,28.237305410882293,Rice
79,62,59,30.618355824285814,42.14712495707019,8.989915352748891,176.29436620730868,Rice
94,113,61,24.470580220302264,66.60241539571152,6.5546655695106395,167.1438263953392,Maize
101,114,150,19.529735913857287,20.424196489393232,7.681026470877926,48.80690723647365,Cotton
88,52,184,26.891370822083672,96.89234122774718,5.759939320950867,228.1238103998963,Cotton
26,62,203,23.63308961507078,27.560263503902327,6.419205375619798,71.59852662323719,Grapes
14,106,12,32.05914107822517,34.61071093340847,7.729168124151281,144.80668421582584,Grapes
129,19,36,17.093091700425518,75.63822748553835,8.764889778130197,245.27791640527724,Coffee
47,100,165,32.01430084327832,23.904983482458476,8.363309952395845,78.13264883860523,Maize
59,9,70,26.341012493736766,69.52655455624816,6.7372102287147495,206.75672543143065,Grapes
103,60,164,31.93117519757699,30.701484589985935,7.734219280540254,36.08302543845226,Coffee
85,75,73,21.133452016571585,56.23339907141262,7.568403259504597,134.22008318378016,Cotton
128,94,186,17.96243532432643,86.66412077960193,6.291392016138307,244.63034392407093,Grapes
55,43,187,19.571364059021896,78.65656795541781,6.889231392695227,108.70552586818594,Grapes
3,10,181,15.00672150062263,27.145574413559903,8.81998277516546,146.17215080280013,Rice
32,80,126,38.410761387348956,46.06185679452231,4.863853227285216,59.35415957295644,Rice
21,107,84,18.41084799513585,56.717843445734864,8.55203245013288,29.11733261669086,Coffee
126,84,58,21.7403641101023,70.71789636356868,4.715630396869247,57.72891690205557,Rice
139,19,106,29.017071984228167,77.20485077546326,6.269031894254298,122.01919221114,Coffee
114,86,150,38.88399520057021,43.58594151890486,5.974821800017809,151.0035306507634,Coffee
54,139,170,35.56229470960156,96.21780820260113,7.321735131086857,140.50967714495098,Maize
133,131,101,33.51067880523071,22.88573252741935,8.607684107896795,192.91301190966226,Maize
3,80,13,15.53277391892392,35.88848363689003,4.9440510873172725,91.6838097907556,Cotton
17,102,89,36.92343041349904,43.03199134267106,5.874165121314082,188.1573621265985,Coffee
91,77,166,35.97341262203962,24.292366583659188,8.648685406800855,216.15172105919518,Rice
52,71,18,33.76211444916501,92.5073682787396,6.1480132153407325,148.04404756621585,Cotton
57,45,72,34.20658374289768,76.47867379515716,4.647188718935757,250.59752442385374,Rice
96,101,192,31.98178481612568,62.82706982515436,5.635822722857252,82.63743265470202,Grapes
39,24,105,21.30009256177648,98.4191648630663,5.358123579227017,85.77258287767027,Cotton
88,52,124,24.18091712987664,30.27430813621493,5.425800990355453,159.08301937601527,Cotton
36,9,7,20.106495593873444,95.88899587094866,6.021012083717861,258.59433609015707,Coffee
64,10,9,38.87982502639315,96.59287225166582,5.6129706317942585,47.77072753157263,Coffee
110,106,159,39.04238048912771,36.92184422553835,4.801233121721541,259.72490937228497,Maize
42,37,79,28.87069698467132,45.10976927798392,7.359987213569632,290.6624114699594,Cotton
34,25,51,38.61726788425936,26.37089388619349,6.231330770754392,178.60741859066962,Cotton
29,32,35,19.04005810786284,32.28203561841485,7.189834807326033,156.6659687086284,Cotton
15,127,56,34.82301235727336,84.26195666482175,4.783236847579187,97.90012511470944,Rice
64,36,15,39.56215808547,82.54127066202508,6.353107024832653,97.63740379818398,Coffee
63,31,128,37.43676693300006,34.26726244369121,4.962786255334323,269.4494154301113,Maize
108,98,119,30.685052688260487,67.69242147180601,8.642684251606294,219.67844948761783,Rice
78,113,159,21.273152192435376,66.15166439110598,8.995007953889317,24.968024358986124,Coffee
11,76,75,24.14352245574998,34.289113019730976,8.262151551973488,53.219687150763164,Cotton
61,83,145,37.0057315936617,54.061109137588176,5.318117330819248,120.771767823134,Maize
79,42,154,19.74119327605991,57.12769554890703,4.515822778608114,236.3828616568167,Maize
11,17,148,38.606633581369195,77.07091114291967,7.046032376059291,169.39448680143613,Cotton
23,49,48,37.70790245454266,89.71422617930884,4.70915177115639,238.50744531540167,Coffee
99,39,27,19.20805083700165,27.71263656257109,6.033821364993504,278.8294157121178,Maize
111,75,59,22.428814922338656,64.33202586381861,8.93900502968515,265.27084222684437,Grapes
104,20,99,31.685673519749578,41.31803424706412,7.571694394669546,262.6361538247935,Rice
136,49,145,15.518786696067073,67.46872231073135,7.326385111999093,270.9340221962568,Cotton
126,63,78,22.55825878631834,85.68302365865853,7.539076421177045,291.1963805928438,Coffee
107,136,70,22.463279286765413,71.13841771054715,4.9318049353618925,118.63916620406403,Grapes
83,16,143,24.410107460888618,34.123031253654666,6.002340938996124,41.99314179112145,Grapes
46,78,91,35.266861085269724,95.07059670333118,7.10938780287211,50.991893322930345,Maize
53,36,68,18.63798616082533,45.65206146609606,5.812479166408657,78.99464672464036,Coffee
121,80,150,36.13142097570916,17.438323243743554,8.688130873875775,164.79180436739355,Maize
87,136,36,33.24347554127097,80.69024967890708,8.581821090718153,153.4882099948852,Maize
94,19,80,33.38343294334645,82.15495268289207,6.095915148863455,125.0315234088512,Rice
86,77,23,36.409714936448694,47.3537205367523,6.736736995465732,242.83122956563085,Rice
137,89,191,15.25234996886277,55.40729671938349,6.2262338942063264,142.15146028334766,Rice
23,93,150,22.63624859208857,48.716343914040706,5.625182020920244,137.940205976162,Maize
137,100,6,26.550947530571676,15.001032940444038,5.95712708825412,73.79372914782027,Rice
30,135,101,33.09088512542028,22.282571438334234,4.870678044769831,45.180559625059345,Coffee
24,41,97,18.652148303006115,44.789499216435544,7.43148207040751,162.67599484843302,Maize
106,131,132,30.407977844475063,54.718373208502,6.527332163486291,53.44115310255464,Rice
52,34,195,17.67898509326249,40.62552292171148,7.423741308667209,299.3919741318377,Rice
89,120,12,17.425378361129923,78.6128429636305,5.174400449610683,99.16006930972155,Grapes
48,11,193,24.366506069073985,22.853112515282014,7.680759640874465,173.22523607072458,Maize
39,140,119,17.872796459967976,38.876607841799554,5.1969609462410435,122.80654844250435,Coffee
133,49,98,21.12292458089394,28.761558963814007,5.594854838888329,203.2890315185279,Grapes
54,125,84,21.2196607939371,50.905720264580104,6.605731430554625,83.01838100401255,Cotton
101,85,166,35.995549357695666,17.356698776072864,7.993961366222299,253.2504350003213,Maize
58,131,173,23.584069150133537,61.03931302609099,5.130132856214505,141.3767234523805,Cotton
72,61,179,31.311595002286232,57.60767597371807,7.8296707436180215,156.6490191270972,Maize
0,43,59,22.750831853082527,68.66393620515836,8.322403118717993,275.61546491185857,Rice
21,127,204,16.380959683561855,52.334864922556,8.698538388816356,180.9257388200137,Maize
118,17,157,39.44209546029744,93.70642171806556,6.400241424421174,230.86505039694583,Cotton
73,67,193,26.79865437982461,29.66146790964586,6.251345104766273,190.21342674250843,Cotton
31,137,71,33.435453158537996,92.06612953244196,6.1653285916579605,208.5940043145433,Cotton
116,52,105,28.297547009788495,24.832337599918503,5.724927222544781,48.510674299283956,Grapes
99,112,84,20.70929514833921,79.07691436010089,7.576537120832775,23.271727504324318,Cotton
59,132,89,19.813450736184464,15.324510739102108,5.88074671531383,229.65309412038894,Coffee
87,63,99,35.86407055785497,97.66261952561995,8.02237253582219,100.80009771435962,Grapes
3,88,110,36.56168790430295,55.51947437800379,5.866856830266913,113.02240219665698,Maize
3,105,84,35.9788198076823,54.02812584623405,7.427899191146073,28.695650644613067,Cotton
28,61,44,24.722462396037567,87.7652547052636,4.913754170090538,106.62651229328252,Maize
100,85,86,15.057110992865802,99.71538654762509,5.374746421192073,246.41027594948676,Rice
106,57,10,20.89668769100372,82.9639617590983,8.858017807861888,147.94018546294464,Cotton
12,106,158,17.429686910381484,68.26035854808035,7.247663221477657,95.71903605819428,Coffee
25,38,114,24.110349211905017,43.07761413187799,5.087308929233141,237.3076731615885,Maize
52,84,54,35.923705061452466,81.83023967713368,8.335360411690015,176.07190704792174,Maize
119,101,202,21.237496422457777,24.97462646192731,5.980818068808697,230.91841758280523,Maize
67,86,195,26.939825584087473,28.892046515814215,4.834785940742355,130.49557141011917,Coffee
121,132,93,35.730886954436635,98.37108352192071,7.377446910440602,272.1053888109649,Coffee
89,56,121,31.93957440507698,87.26449229793985,7.174893388866981,182.52975414766587,Maize
39,58,105,37.706865399707084,21.482966211770023,7.045579064527637,26.501991854875342,Coffee
98,17,26,30.170223860310525,57.80945948775336,7.388378469078344,86.54395744104711,Maize
136,116,152,21.431384063118173,33.35877019895189,6.723192819461761,142.1482579038826,Maize
121,27,185,30.928111446801047,71.31574815511462,8.124107094275846,91.60201869189034,Coffee
64,57,130,19.49519477755036,54.66534346893872,7.380550555862353,97.86960651547753,Maize
65,92,101,39.58080161898288,28.45851974877332,6.806236367761616,76.09205489995972,Grapes
86,76,69,36.67028855299449,17.872391032460595,7.4811159526321465,110.83370610247238,Coffee
38,130,167,30.799597630923582,61.10344036880346,7.1763425635020885,200.8202078337168,Coffee
26,101,115,22.390890160558143,57.686023250656326,7.4038234774679275,77.04298132562319,Cotton
31,62,168,25.631294782088872,23.59779461401939,4.879568897045495,138.26587204676176,Coffee
66,27,24,19.380436714079476,32.93602686253636,6.002113021076468,277.8470606426381,Maize
113,69,8,28.04200946299723,31.446496030537002,6.600601973347613,182.21033399096785,Rice
65,19,28,37.684077227422776,98.48292137790129,4.88559791423075,91.12356427305193,Coffee
68,136,121,19.316413735793674,76.5991888131827,5.581832661067937,295.40928244037184,Cotton
6,43,174,38.57327402504478,62.0673369585461,5.322459970752912,225.88793984351275,Maize
35,87,69,39.65853271658484,29.03555892293905,8.611308214751542,190.97117354925967,Cotton
61,77,100,24.871094586363515,15.841730785765229,8.109843389493447,249.05352759102269,Rice
107,59,157,38.859799499915184,84.5099314131031,7.354619433915763,282.75163880959735,Grapes
27,66,79,23.841327824076167,68.23117537995672,6.505583198533916,131.92898527348055,Rice
36,20,191,24.080881867936448,61.37993904280913,7.9360973127205625,186.36678135937942,Rice
139,120,30,22.167032104369717,76.8773486766579,4.854742806341218,92.93194081638264,Rice
125,77,126,18.32932954412254,92.16021856825107,8.319484379095504,64.32222975218573,Coffee
95,103,87,32.98209980091064,55.09322024730209,5.285721273539731,175.57181218262934,Coffee
137,33,11,33.28923469763113,61.04047932000623,8.017013186212388,42.30121721522181,Grapes
102,100,62,24.074688130396616,68.99643421993352,8.871897233780263,85.44814636771804,Coffee
102,114,125,38.828516676210754,18.198970605372548,5.617953433494659,174.6838630706997,Rice
86,123,183,17.71165996006332,69.66470050338594,6.4006528742788635,150.4054230930911,Grapes
29,122,102,31.46551123865979,57.92859332574883,6.535937994909107,150.43230428346394,Coffee
55,44,129,18.242374227917317,66.28265258212951,5.818026589925347,282.3433377185985,Coffee
138,76,92,33.64417318109254,67.14860170234128,4.6255393383191326,166.78376547961022,Grapes
119,28,82,34.38832893119492,45.3747767100458,6.560335780944205,246.37647834317661,Cotton
104,14,25,29.333827650875453,92.51337109472942,6.756675047845029,186.79480651418342,Rice
84,98,65,39.166035246698065,87.66331228115965,8.30050196980369,233.87217570802756,Rice
13,124,67,18.984044063320493,69.55825039398131,8.596476740902911,159.2788668859441,Coffee
59,54,38,39.37680294032525,31.500726399438093,5.173523587569436,143.93218663047253,Grapes
71,142,187,21.2617454232428,44.35760571960377,5.485617713092932,234.7057459510612,Rice
96,77,160,37.594402085713085,98.12398620479567,8.772906871023245,271.7419405116081,Rice
3,95,113,19.45484878389608,93.89461170804896,7.887767883894776,49.74972807717584,Grapes
10,128,154,24.798392169850395,27.766490527578405,8.251997282347487,251.97970273473197,Cotton
99,17,146,28.440103157306794,19.06556968461085,6.978308883330593,241.39194455742717,Maize
114,21,195,19.243705226894463,54.846007183029755,8.083720710438534,284.92018902586244,Maize
8,121,144,26.307254180096805,27.581211892390733,8.053601242998003,60.98729687512825,Coffee
87,92,163,38.34775389873862,65.78356523121803,8.850854297478687,137.19672659632562,Coffee
70,31,122,38.21997533420391,19.66716042079471,6.780027208127889,155.9322696164906,Grapes
41,91,94,15.389979957940398,69.0423681625379,7.927941571103162,230.50609076711558,Maize
24,56,57,32.910238750123845,15.048443636757643,5.346850862666264,45.857120090083406,Maize
11,77,125,31.865690997787993,53.61978890987514,7.5559136587024085,263.34670297186585,Maize
122,111,157,30.624231391827237,55.422734861005964,5.155726390338422,170.22255587947498,Maize
53,21,134,32.67838062613751,57.063773114944745,7.802661755494049,229.18108513958396,Coffee
93,56,104,26.944331589829194,92.98505375807015,6.6451463544588485,196.5342625209171,Maize
68,36,74,19.399798967179947,58.871172251748106,8.987663840696015,56.377140763212296,Rice
10,134,167,30.449395814628403,42.99900239908099,5.817214918383058,286.46286206480397,Grapes
84,60,162,28.725529790752763,89.14020099859891,5.3553329162303385,74.61497974175991,Rice
3,92,103,17.151825409449927,40.42354899317022,7.973381097229446,274.5332150574386,Coffee
13,69,136,21.926367841524115,51.18877707065758,4.676637796637922,117.29500220815662,Coffee
80,60,17,17.528931698279187,27.579755248714076,6.003168430139198,198.6651920638302,Maize
123,133,139,27.639220507598697,17.994632063799845,5.984304703391508,80.75370968359148,Maize
28,21,131,34.536168286760756,47.34009780934667,8.395177234485354,122.07157993210517,Coffee
6,113,173,37.35019303426406,45.21886525328296,7.439509164568941,44.82849211068432,Cotton
136,41,113,19.67425543933645,46.26696956271847,8.477908878639823,139.40647571268107,Rice
98,22,78,15.064129341537289,16.853897432372634,5.883011116533019,22.73000629137988,Grapes
53,42,164,30.145003628315337,80.44951469984443,6.73794131980716,248.103797154017,Maize
34,41,6,25.55906930004389,95.71809884903212,8.797902234106726,83.13669372614498,Grapes
54,12,148,18.650982712953308,85.65067003111832,6.511798011485703,28.634904861237658,Cotton
3,42,20,25.1117586738689,94.69102195632179,8.96570198657464,259.97845754976106,Grapes
77,35,8,22.94446305437519,55.735123868627156,6.239031946799136,71.7934383207033,Grapes
82,59,70,25.997917235877356,65.17894171441213,5.595863185349852,79.93178194166177,Rice
46,59,110,19.282737455684178,18.304797002465893,7.21554871992043,179.6999254241026,Grapes
50,138,144,36.056155116534406,90.87677263399334,5.533964192792322,70.08109287717525,Grapes
92,140,121,28.255535627247852,47.18354628854889,5.0235092151210505,79.62015077572684,Grapes
135,43,105,26.65410847882164,92.85764477953306,7.855739217224643,118.55847451473193,Rice
120,42,128,22.573089637018196,69.19824698410812,7.237331435518845,256.52599148481943,Cotton
25,29,15,25.12153525018369,86.790956576141,5.586801188101315,76.21005146321693,Grapes
114,88,27,26.5846597386014,86.95173647998979,4.575600548335061,112.19387644896041,Coffee
97,115,128,25.55970773644393,82.5353583199923,8.907240197597009,222.06872229026715,Maize
96,135,77,32.184162544994805,30.131426011390907,8.986183603894407,27.01612041437931,Grapes
92,25,26,27.32320129016888,54.561722687636596,5.70608934455562,127.70702187537148,Grapes
59,120,197,35.35033534457611,51.096032983834455,7.113789711846139,236.75045401772047,Maize
28,24,202,24.156234801534946,36.14850663026807,5.850346052597517,100.54948803763335,Maize
119,134,116,28.53324600799325,21.55868672224571,5.966014373741535,99.88891693631196,Grapes
30,104,36,27.425384263396992,51.40420884729309,5.752870476485674,46.485455753122125,Maize
121,81,109,31.992298999914777,17.17311693418194,6.1120085553607755,53.94171807183793,Rice
87,110,61,22.457819364722234,44.020524488917374,7.317362526265596,173.65738695089874,Grapes
31,25,12,36.34633802551551,58.90549328366557,8.679430646402647,283.644356340991,Coffee
70,95,198,17.956235472042003,67.78367792587622,8.675621598250387,236.5174384247176,Rice
105,84,148,16.62336804776584,59.76181059831403,5.350920003934496,231.00521800785282,Grapes
17,139,54,22.74576203442546,25.264079781838504,5.29030062914115,266.31766133103554,Grapes
22,13,140,16.764530132201685,34.221057327601756,4.806288784676623,72.16503734214356,Rice
108,107,16,31.90590593288888,16.84617902516315,4.644391342617307,169.82275369610167,Cotton
75,54,174,21.047546535679587,35.51640051883837,7.610636031563693,126.21770343085493,Maize
25,43,61,31.848214083103585,21.76461573394364,8.78239937557353,199.94491056192703,Coffee
49,52,73,25.673023156662893,60.637476984309515,6.583940237078805,171.917875131148,Maize
37,62,179,36.61456048092677,59.640793641397096,8.489819151371375,269.2202745196065,Cotton
101,123,55,36.17674105450277,95.91970554209327,8.046728665883396,58.69852630613384,Rice
114,99,96,32.421093302487506,36.12128618895237,6.620381274041081,150.96399377723412,Coffee
96,114,189,16.18243178352902,22.80049624246213,5.748431537316144,165.1720199667621,Grapes
122,122,134,15.9455930615342,49.01667189977584,8.582595855872587,31.18907870687011,Grapes
128,85,38,27.90646991153507,23.83781506603021,7.564269925544072,172.4157713482268,Rice
30,105,125,31.080524628091567,70.09317866158847,6.869359049054811,142.50308492561953,Coffee
126,85,99,27.349776224680046,63.139580289619865,4.859422350835142,282.3703218242302,Grapes
131,52,151,16.997323379513755,17.313913116288482,4.825155946262983,149.24698062794818,Maize
24,19,50,26.94297480099594,89.86063046558044,8.93308705200625,81.63891638864678,Cotton
10,116,15,35.83168228288294,74.99230224004995,6.947523913086991,184.37911540465788,Cotton
39,92,166,26.135425964628027,72.7612354501147,5.801574923380841,192.5741471005225,Maize
71,119,161,28.985213659301454,17.95291046636079,8.293007929456333,273.40430165587804,Grapes
33,64,137,34.28051977596644,24.09289272141956,7.716619597493251,146.9790334203984,Maize
126,12,71,26.084006223892978,36.51970971932518,7.62235170464081,182.85011893908603,Maize
95,85,169,38.92677220993065,73.80245376800902,7.351275346527194,263.27520026609386,Coffee
99,69,176,34.08525708315043,25.152879288498852,5.74043741398342,210.1402264860187,Rice
93,133,103,15.067372224047531,68.1107173676877,7.633945825716941,286.4382524258165,Grapes
85,122,180,15.86257173259121,68.13380193039443,6.3923754134742214,119.7069216195069,Grapes
98,141,178,18.608463515253607,30.16041293116752,5.391230186750779,173.36315215001846,Maize
0,106,16,18.731219230333423,65.81379733149038,4.996476911912894,203.55213426589478,Maize
122,124,71,18.12230858279145,39.43863293473817,7.948065570600986,299.7504820834578,Grapes
74,113,49,37.62322122949321,40.06164583026175,5.100526887386224,276.00872945432116,Coffee
6,121,103,19.054735785016984,16.16050859658409,5.803253743927852,275.1743798071135,Rice
133,37,9,20.748871134978724,33.868969354210996,7.9780211756322394,147.22105462723442,Maize
4,14,61,19.22590046776303,55.774160321568026,6.084546063753242,78.50931576961733,Maize
11,118,97,36.68588353890357,96.09374325360984,5.88797230575913,65.32137949816385,Cotton
45,85,88,24.03560955325331,67.69959188839653,7.426979523376252,159.18345586961453,Grapes
40,76,185,24.002644464035477,45.8185206239914,6.629930847371622,213.47839950188367,Maize
13,56,58,17.412563409332456,61.36469197119928,4.845206674819959,57.082600234548146,Grapes
45,52,91,18.101371981324505,84.16442493343293,5.5693514212178705,262.6672342906376,Coffee
70,49,160,16.46165140052341,25.27229478301212,6.209476696201435,25.7450040878007,Grapes
110,123,197,19.99011030522736,18.33052911990301,7.71557444090922,56.17239332807077,Maize
61,76,16,22.655511199445357,58.26535389380281,7.202572509654611,113.65072039598023,Grapes
38,110,13,15.773007470731137,78.79978175153326,4.628009895776529,80.45010219805548,Cotton
66,49,23,38.098676953508416,97.31958103629064,5.31754158854115,64.34497590017929,Rice
136,6,100,29.463763627862186,48.303213226341214,7.740424550383454,239.82584304337917,Cotton
12,105,135,26.19460145467797,69.98381614242547,5.917960137306375,72.15282098716716,Cotton
12,78,197,27.931805928646146,80.20790666545959,5.780598034332687,168.72580279762346,Rice
42,19,159,19.470758643980297,62.643013978738765,8.555945669493429,142.6278033699076,Grapes
103,33,27,15.002149337042459,86.98150697744984,8.730985855856947,20.475037297314405,Maize
112,56,201,15.41015820833782,15.400853015627696,8.25990099735138,217.23401948192821,Maize
113,102,22,37.15541280256073,61.28322770482503,8.562437680285475,144.52475480557607,Grapes
29,56,119,35.473364942724146,37.83094263227753,7.927962873882516,100.88202873601584,Coffee
46,109,186,23.050586499937914,61.253823800506886,8.873620998479366,77.2997631188275,Maize
129,37,182,20.398557497290106,27.210841569382996,8.558092488119724,269.5418546016916,Cotton
83,65,41,18.131083146427365,27.23579437342419,7.80381291427608,80.74433058914389,Cotton
86,46,155,29.793841316311095,40.877276279562246,8.864361098583235,50.980920959206074,Maize
137,107,47,18.66914788833275,69.40537783605612,8.038226434502254,280.7416972775444,Grapes
53,103,136,15.974782723144173,69.32149172639093,8.508463841233269,58.92235326141889,Cotton
20,105,45,27.414747400904275,54.04672873979598,7.878961822344338,168.25457496477372,Cotton
132,118,22,24.314687628642794,19.751316792848897,5.035545236349152,34.252181499125804,Cotton
12,71,61,15.397248201608729,29.475307609911503,7.51328757669226,147.6684079699403,Rice
82,39,16,24.179467002624726,40.28202721206742,7.785419905354357,28.53761060240149,Coffee
74,76,56,34.58275138682309,40.348131106901704,5.043898245447343,60.31447525919858,Grapes
135,103,13,25.343369712562414,71.04625512628985,6.749267306585042,183.11892712233183,Cotton
81,50,178,31.727589548814205,58.54029668500695,4.7253467716991455,145.63893643048064,Coffee
130,46,33,39.650198825520896,20.566452440045772,5.456326293806887,287.89438962360055,Coffee
92,55,11,23.349852808122524,89.70601081511516,8.39028384973723,127.6654804957113,Rice
22,92,123,27.05399179783884,99.36358644552242,4.717397922270396,163.31927596102707,Rice
30,95,82,30.724891947633477,24.58465253677073,5.485960060857712,124.89052340208022,Rice
103,95,79,22.029412834104004,66.51902748982761,8.201305286280247,75.72277643184034,Grapes
38,27,191,18.43338391311483,35.181033437135866,6.476186847552843,35.013648669000894,Rice
41,15,60,29.835580819469648,82.74501110681044,6.699695715411899,97.12619411790882,Maize
133,10,65,35.644694829961715,30.360644827177655,7.18688002985604,110.81269547597482,Rice
49,135,156,32.60314899996885,90.2551397495897,6.016146557389115,23.153618857331928,Cotton
117,98,171,22.303339635498382,45.185066723408816,5.181262755748591,143.75511884945934,Maize
10,134,36,17.992402740340747,97.48588634314287,7.700061298810638,218.16170709062837,Coffee
125,120,65,39.66861050134605,85.22252713364196,8.371260337447413,177.13079183126416,Rice
42,64,79,27.002943881766136,99.86436327120748,6.721605077260076,79.98466111248683,Maize
100,14,103,24.65381299943853,63.554395433704805,5.948203054827049,289.55093168895513,Coffee
16,85,88,18.386391301189427,54.778379687522396,7.169341102146348,129.2330139799308,Rice
111,58,26,15.210599994819468,93.66200840564495,7.392887038180037,203.60916952500492,Cotton
67,123,88,33.507459200839286,52.43685028022676,7.6347550940157305,190.01744319163345,Rice
22,59,11,20.592522018567603,48.17579384284016,5.592388502105399,88.74431972870572,Grapes
102,35,71,35.5094079462725,65.09621669382793,7.008815421032487,166.1899432916917,Maize
10,108,156,32.78399223008989,15.376174965295291,8.274148327103756,121.97868141402826,Grapes
54,49,94,33.46340530529369,89.11795239123244,6.5241804190347725,77.30204425254689,Maize
91,117,119,26.63951041850468,21.92075539823572,5.586449393940077,253.698417513933,Maize
1,61,165,29.989420307412562,49.66057610174619,5.253535255561992,152.46577125948346,Rice
10,46,112,38.44752854064049,64.48932352288972,6.202087602751,80.95399948707394,Maize
17,110,22,37.97100554853728,77.18062777901133,7.567283051085546,160.49950023848413,Coffee
45,119,72,36.4249136891889,76.54393211240448,8.538017966854344,248.04000397861756,Cotton
8,34,190,15.974774454216352,90.39558373338241,7.571174170365424,289.90137427630594,Rice
53,48,132,15.18734833081681,94.14414410132962,7.823341039182825,266.9405401659835,Cotton
50,110,139,26.959305665536334,91.46157768281503,8.337638765310844,27.538817333894592,Cotton
42,120,186,28.114880326049708,22.856323576501097,8.739626189986918,92.2674850544423,Rice
40,25,151,17.33596447287291,17.59665239549681,4.667728551540659,31.68266052143709,Grapes
49,93,143,19.023097753468853,58.85409945047625,8.561929352003613,286.39224199668087,Maize
101,131,138,24.033097229247147,64.68715321280663,7.438374631278161,63.15376716883549,Coffee
133,103,23,31.023203489474756,89.26210986835484,6.097870302835103,161.93933108217857,Rice
129,33,47,30.275822287124534,98.73470396166398,7.899592125887937,22.151221756012482,Cotton
138,62,132,25.799697020527006,97.7811693259544,5.7097427041581295,194.9330774751168,Cotton
62,26,14,19.743296388380287,91.74035723674521,6.772424486674201,86.23257175636701,Maize
54,83,107,37.84369687006417,17.99150264932655,5.025650264071465,139.85735648900584,Maize
93,25,162,26.213994490887032,42.451902906616,8.206804100520246,60.57119869644346,Maize
91,129,5,23.46430106028559,48.19292913995337,5.24940157485974,191.6886281111389,Rice
118,85,185,20.223210226399374,85.44705969996288,7.6265864862955794,65.67520789693395,Cotton
103,61,146,27.205304041562442,42.52278718956156,8.999018339493789,89.17678425595754,Grapes
88,8,73,26.13353945317363,92.89563959329271,8.233587369270051,136.83898434521615,Rice
70,42,204,26.884923403236016,62.480331899969705,7.838709750107375,297.6502979211583,Maize
11,71,193,36.65317339457423,86.97692421513842,5.6860879874501356,209.4001222824728,Cotton
127,113,159,36.248044675770856,35.53881033520949,7.73080646335044,269.39466927311236,Cotton
97,118,68,31.475483731935448,22.88335785075304,7.252961641950847,229.97726103794184,Maize
27,19,109,36.72255120781902,25.401656726416874,7.559278908392865,169.77578184900074,Coffee
95,82,183,38.749601219786655,30.84894023832439,7.871596419711535,224.97541515520751,Cotton
68,32,93,16.983950903547164,33.33302784648713,7.261287767004838,112.81647636964209,Grapes
4,8,189,23.22084641733674,77.55784264319571,7.4407670070490095,221.90723668587802,Rice
11,65,10,24.627897034816883,33.07124971067917,6.952854533460371,193.57470720640387,Rice
121,23,103,24.654840910280654,32.97139554447254,7.961579451689746,190.828772104189,Coffee
55,53,63,34.37070864415784,76.51815839553709,6.628072626862815,77.48653114823918,Rice
97,103,172,20.05017317755909,55.329942883704554,5.940736337224382,40.549469774848404,Coffee
125,75,99,30.93176347104919,73.00854767886406,4.919585520474516,48.425702022367,Rice
60,57,168,38.227177211475905,30.36935299707113,7.920388845868127,269.37682289064526,Grapes
82,95,130,34.034463497011615,98.01832711040021,6.35389894660539,75.21660610291903,Grapes
136,125,47,18.137674486247942,19.333159398854153,5.028676248344638,189.46050548765297,Rice
1,84,17,21.021751079056585,49.870241338532416,6.278149848085613,58.41515193527568,Cotton
57,99,127,30.06901591555259,27.405084324366236,8.017312481692592,141.58119387267888,Maize
115,127,170,20.29986289032508,76.02248826645715,6.038017270018658,53.534793382425725,Coffee
3,114,166,33.08700756415739,46.30624574673084,7.557988944318204,110.69909340685851,Cotton
117,106,88,37.07557429710661,37.930836688498005,6.173799675198044,186.91680500743738,Cotton
14,116,155,30.005680247304802,41.13783713266106,5.433285859294444,134.95501703051235,Maize
66,90,140,18.676022170416413,80.07605773657076,5.706173324515907,286.5953645693171,Rice
92,78,104,26.152975343754434,42.04401001714485,4.7272785688781545,186.21282796272655,Maize
102,5,173,29.21664613451152,81.68465698963173,5.580775663768175,242.05933940815947,Coffee
106,15,102,28.384398540341724,72.96521098926735,5.983106157932186,89.08157713342571,Rice
55,42,13,23.04790653893108,63.63122920102724,5.662793130287415,30.673478376154065,Maize
59,30,13,31.69798331867085,97.87574221746604,8.28778919707851,210.65613940184636,Grapes
14,10,167,16.114013244024186,18.844347284582803,7.50390155560271,45.463724142973916,Cotton
4,123,12,29.48059710838696,86.0995882462165,7.698943419809936,36.64232668215449,Grapes
77,83,59,36.52098671856115,17.691296766019693,4.8348669717225405,45.71610648356187,Coffee
128,113,58,18.40087216071678,46.21241911005741,4.779221658215807,204.44097997043966,Cotton
45,138,76,38.99710997302697,96.38738686549038,7.065434416720652,83.04612757068116,Cotton
22,92,192,38.411572068427525,25.84766185401911,6.938823783294698,39.9483230606928,Coffee
26,138,191,20.690613516043488,58.051191292025685,6.565867470539986,218.04042631128894,Grapes
33,15,5,24.50042837813004,51.96602316918055,5.864545272220747,29.859531549170658,Rice
53,97,58,19.640471239592642,89.10940137583616,8.679226122652068,233.96474139536258,Grapes
84,138,85,37.129245380091376,70.78675810698826,8.040914253072545,144.15701869705183,Grapes
73,43,24,19.597370887213764,57.95067876895372,5.7217528582756,298.4465231923308,Grapes
43,55,124,19.363498283500814,24.31700386760076,8.241512298955271,259.04455428420323,Coffee
104,52,75,34.76634842160469,80.01738620337153,8.967635646592838,244.38443866480245,Maize
110,23,107,29.97210584610769,29.202987717259816,5.16268120850696,150.56507781580316,Cotton
3,82,185,38.251818389410786,59.20104072318981,4.827943471287072,264.01628015662675,Grapes
23,50,36,28.42861961433004,77.22855614566835,5.856571974595726,83.82781341504565,Coffee
89,40,46,34.28545368840336,95.01287955221535,5.15432636375378,173.14116744035923,Cotton
110,134,168,17.6249293144351,73.47329179861526,5.677492093393731,138.55514423980497,Maize
16,143,48,15.620609953343276,99.52216004129727,8.90541430066763,242.40902962367343,Rice
134,119,158,18.685168767429275,49.29406968532253,7.657307624642253,169.7801683811757,Maize
33,80,175,30.160180993415675,47.46180310923878,5.000709180298987,180.19772841641623,Cotton
81,22,110,16.896867842343937,48.657215526554026,5.777876061170901,199.95445389575883,Cotton
6,112,132,19.979216187425227,82.20449760232152,7.135916151960739,276.214440707507,Cotton
15,61,13,15.299548723358404,40.92731265859297,6.6659793101906555,170.5361313830791,Cotton
16,38,35,38.78399112146625,77.6903165898693,7.925699084072112,108.55020381176728,Grapes
32,48,129,32.59693044564911,80.73256132123771,8.870701302513199,233.5656063337857,Cotton
14,56,34,23.88979078707174,24.81012708699003,5.476836505377413,261.4638958346828,Cotton
118,71,94,29.322748012560297,26.91074327444258,8.960147849578886,182.96489267269732,Grapes
67,22,108,25.017283196963803,16.14535391161352,5.886861307248568,77.65359570634841,Maize
133,143,144,29.673769515943903,64.26380172305664,4.531274593688801,277.3800164252714,Maize
106,53,90,27.24315528594586,76.53396135425223,8.27470695693637,71.82824362245563,Maize
72,114,110,19.798528571776593,29.256141178774783,6.593488901869119,188.8728349923024,Rice
65,29,182,20.054594040520747,57.884494359162986,5.650690629976137,248.13311189010565,Coffee
110,100,170,21.38914691731666,42.412883649105964,8.89506131303218,52.684770607234235,Cotton
95,28,25,29.413282447231172,77.891417459927,8.611775709497923,91.31757444027424,Grapes
137,60,94,36.03913152959039,85.40444667702279,5.015694811259374,180.91378119031347,Grapes
136,98,202,31.55029255423076,24.590395806202856,6.886360222616787,238.46557544676912,Cotton
17,13,61,15.438716534161133,39.2467202307368,8.350040904571339,173.26785061067508,Maize
130,78,7,22.1260939864884,94.58543208568403,7.86379356754836,122.65639583786145,Coffee
8,139,42,39.98631549681441,88.41888813720516,8.404063611492855,169.3099273171257,Maize
63,109,137,36.9955150127377,78.1689119122068,5.638378889367003,148.6254032090252,Maize
79,79,12,30.60614665688602,22.654731547519447,8.979570832089111,82.64134100534801,Grapes
115,137,29,27.716285762402308,88.23057397687471,8.874743329003195,201.22948209148933,Coffee
91,119,176,30.820919757256725,25.855507553588538,8.122447545843539,52.39814962569719,Grapes
105,38,33,16.284610343476803,95.69098417664411,7.806254945032728,68.96325065716086,Grapes
6,27,69,38.01038237939683,92.31214107212811,7.190892588679195,159.46943142355013,Maize
25,125,95,39.0765708153678,96.02802628233833,7.889176231747116,107.14846767026283,Grapes
31,20,118,18.244546932262228,90.2333656459385,6.576343237932766,57.21339927146586,Maize
96,18,141,38.71183145541613,58.76344866202497,8.511345385805505,218.52944787453507,Cotton
88,90,69,36.10972368501976,15.721512012013873,5.545173447718563,68.95658571870732,Rice
16,96,184,15.47888855047,89.96700139335687,8.672220616470035,228.60342333240848,Grapes
89,39,87,38.848504385538305,70.48504185707476,5.011167801807504,124.60026619964577,Coffee
33,143,25,16.447249176427412,78.056335599124,5.981822333055701,239.58345903189874,Maize
9,38,128,28.92395089811707,15.53099818042229,7.916725679243299,81.93314469551959,Maize
105,23,119,39.37782694495853,98.01940331537598,7.670161318135175,31.301755943878398,Maize
34,67,186,15.823021511202118,44.86766734602648,6.609063797594853,276.1451782451231,Grapes
39,30,5,26.103301565171787,75.89977629427148,6.427708620265247,67.2871804537264,Coffee
125,82,89,39.541861111080536,81.63190564619346,7.637798111868234,58.93101800108432,Rice
129,24,126,19.836262373066035,56.35306259176342,6.6890096367326475,167.54635888595467,Coffee
90,124,38,20.18718041734964,45.31398138904244,8.95432812516942,78.5313726113969,Rice
22,109,6,16.54759367983678,23.52339155342759,6.756670560359968,110.8354875235804,Rice
56,15,78,21.23384380158172,20.577731609057007,4.515242688558733,268.2611293934684,Maize
51,7,11,37.18488887895141,47.309477623491645,5.539446833497457,261.56088273718393,Rice
112,103,52,36.102712530718236,84.35731937595524,5.4506298430567846,193.44331310762115,Coffee
76,133,17,39.87072331947076,31.462750229871922,8.097829564830853,76.14784149587791,Cotton
86,7,30,39.80543672976761,79.22665318809345,7.802828865956395,79.32837833751056,Cotton
104,86,48,31.059098226406437,23.089545732996818,8.53581361009143,23.631183593312134,Maize
78,114,184,37.38599564035703,77.9307156097174,5.853264086610127,253.27186857288893,Coffee
87,69,46,20.46603717724343,40.76802623724333,5.455758902556618,88.12412987814872,Coffee
16,120,51,27.873228929101938,43.61043451462673,7.349218475644023,98.91358827844186,Maize
100,63,18,36.09682923634675,27.37598521454728,5.6309774191781035,140.28199042500376,Rice
54,82,44,24.903032613966403,79.91095128141345,5.918473151273539,175.22568640404032,Coffee
47,119,100,33.874943146914894,31.574175225356726,7.950128372973111,132.22406902529764,Maize
115,89,164,31.814142841124287,46.850677497716774,4.535417166591471,220.66996495564067,Rice
125,112,29,34.868822352043836,54.40665581088805,8.002267795284116,89.47252861990154,Maize
28,144,175,29.2609154278652,90.95143110481155,6.860542116148469,233.46266733590954,Rice
82,25,84,16.603141309418017,45.757934819481015,8.732355831486512,230.36687206262198,Coffee
134,61,189,29.240686203026378,16.16839491956663,8.837668738669969,241.27310232790913,Rice
75,123,186,34.19209420833526,16.69037629504778,8.34104083213188,254.26683033587844,Coffee
47,118,191,29.40146687618882,71.64230501826637,7.920906765127047,279.10158315919455,Maize
51,45,108,34.392745748912134,64.30153723562483,8.797114385463388,214.20643207544552,Coffee
85,37,39,36.096568241197076,48.649358147652435,7.768880814116512,271.9593522807501,Coffee
50,62,185,27.415302279761015,95.68718427084035,4.774656155903009,241.2941874090758,Coffee
1,126,34,23.965587195038694,82.4026066751502,5.163537517531588,130.20860170063497,Grapes
102,53,48,31.532192580942677,26.845287001862918,6.189483935783471,22.004858050336402,Cotton
41,66,37,26.399867827073326,19.582679820041868,4.597656182181165,165.58796434059096,Cotton
72,72,157,24.331470812750688,73.3795604650837,7.682963510072614,248.5549521784071,Rice
94,113,167,36.927577167242525,41.868205635919736,6.633914635983211,201.07937299043928,Coffee
45,47,99,35.739683464146246,16.024153840879116,8.808295404062925,249.3472924284184,Grapes
83,92,14,34.25922311737704,25.047150463842556,5.067161463127103,168.53765306839026,Rice
98,79,94,27.828764117438677,25.633317476883853,7.229803356482412,61.290925810403465,Cotton
44,82,160,37.26772183656682,33.018576014056464,6.277778006560375,119.39094838427312,Rice
32,131,133,33.18863313394719,91.23740245614555,6.010158647643091,226.596097142628,Coffee
3,99,78,38.93213527179403,49.369441016995324,8.903196490192538,75.01506429910853,Rice
111,93,175,21.441864080727424,78.79464383659892,7.619620489738459,137.1191945817032,Cotton
98,121,129,21.458354365061915,95.59170788835024,7.573809378342652,31.269193661261312,Coffee
